unit,date,outcome,treated,post,time,first_treat
California,2020-02-15,-1.0,1,0,0,29
California,2020-02-16,-1.0,1,0,1,29
California,2020-02-17,-38.0,1,0,2,29
California,2020-02-18,0.0,1,0,3,29
California,2020-02-19,0.0,1,0,4,29
California,2020-02-20,0.0,1,0,5,29
California,2020-02-21,1.0,1,0,6,29
California,2020-02-22,1.0,1,0,7,29
California,2020-02-23,2.0,1,0,8,29
California,2020-02-24,4.0,1,0,9,29
California,2020-02-25,3.0,1,0,10,29
California,2020-02-26,2.0,1,0,11,29
California,2020-02-27,2.0,1,0,12,29
California,2020-02-28,3.0,1,0,13,29
California,2020-02-29,2.0,1,0,14,29
California,2020-03-01,1.0,1,0,15,29
California,2020-03-02,4.0,1,0,16,29
California,2020-03-03,3.0,1,0,17,29
California,2020-03-04,2.0,1,0,18,29
California,2020-03-05,2.0,1,0,19,29
California,2020-03-06,2.0,1,0,20,29
California,2020-03-07,2.0,1,0,21,29
California,2020-03-08,1.0,1,0,22,29
California,2020-03-09,1.0,1,0,23,29
California,2020-03-10,-3.0,1,0,24,29
California,2020-03-11,-3.0,1,0,25,29
California,2020-03-12,-6.0,1,0,26,29
California,2020-03-13,-8.0,1,0,27,29
California,2020-03-14,-6.0,1,0,28,29
California,2020-03-15,-8.0,1,1,29,29
California,2020-03-16,-24.0,1,1,30,29
California,2020-03-17,-33.0,1,1,31,29
California,2020-03-18,-38.0,1,1,32,29
California,2020-03-19,-40.0,1,1,33,29
California,2020-03-20,-44.0,1,1,34,29
California,2020-03-21,-33.0,1,1,35,29
California,2020-03-22,-36.0,1,1,36,29
California,2020-03-23,-49.0,1,1,37,29
California,2020-03-24,-50.0,1,1,38,29
California,2020-03-25,-51.0,1,1,39,29
California,2020-03-26,-51.0,1,1,40,29
California,2020-03-27,-50.0,1,1,41,29
California,2020-03-28,-37.0,1,1,42,29
California,2020-03-29,-39.0,1,1,43,29
California,2020-03-30,-51.0,1,1,44,29
California,2020-03-31,-53.0,1,1,45,29
California,2020-04-01,-52.0,1,1,46,29
California,2020-04-02,-53.0,1,1,47,29
California,2020-04-03,-51.0,1,1,48,29
California,2020-04-04,-39.0,1,1,49,29
California,2020-04-05,-42.0,1,1,50,29
California,2020-04-06,-54.0,1,1,51,29
California,2020-04-07,-55.0,1,1,52,29
California,2020-04-08,-55.0,1,1,53,29
California,2020-04-09,-56.0,1,1,54,29
California,2020-04-10,-56.0,1,1,55,29
California,2020-04-11,-40.0,1,1,56,29
California,2020-04-12,-44.0,1,1,57,29
California,2020-04-13,-52.0,1,1,58,29
California,2020-04-14,-52.0,1,1,59,29
California,2020-04-15,-52.0,1,1,60,29
California,2020-04-16,-52.0,1,1,61,29
California,2020-04-17,-50.0,1,1,62,29
California,2020-04-18,-35.0,1,1,63,29
California,2020-04-19,-37.0,1,1,64,29
California,2020-04-20,-50.0,1,1,65,29
California,2020-04-21,-51.0,1,1,66,29
California,2020-04-22,-51.0,1,1,67,29
California,2020-04-23,-51.0,1,1,68,29
California,2020-04-24,-50.0,1,1,69,29
California,2020-04-25,-34.0,1,1,70,29
California,2020-04-26,-36.0,1,1,71,29
California,2020-04-27,-49.0,1,1,72,29
California,2020-04-28,-50.0,1,1,73,29
California,2020-04-29,-50.0,1,1,74,29
California,2020-04-30,-50.0,1,1,75,29
California,2020-05-01,-48.0,1,1,76,29
California,2020-05-02,-32.0,1,1,77,29
California,2020-05-03,-32.0,1,1,78,29
California,2020-05-04,-47.0,1,1,79,29
California,2020-05-05,-48.0,1,1,80,29
California,2020-05-06,-48.0,1,1,81,29
California,2020-05-07,-49.0,1,1,82,29
California,2020-05-08,-46.0,1,1,83,29
California,2020-05-09,-29.0,1,1,84,29
California,2020-05-10,-28.0,1,1,85,29
California,2020-05-11,-46.0,1,1,86,29
California,2020-05-12,-47.0,1,1,87,29
California,2020-05-13,-47.0,1,1,88,29
California,2020-05-14,-47.0,1,1,89,29
California,2020-05-15,-45.0,1,1,90,29
California,2020-05-16,-27.0,1,1,91,29
California,2020-05-17,-28.0,1,1,92,29
California,2020-05-18,-45.0,1,1,93,29
California,2020-05-19,-45.0,1,1,94,29
California,2020-05-20,-45.0,1,1,95,29
California,2020-05-21,-45.0,1,1,96,29
California,2020-05-22,-43.0,1,1,97,29
California,2020-05-23,-24.0,1,1,98,29
California,2020-05-24,-26.0,1,1,99,29
California,2020-05-25,-72.0,1,1,100,29
California,2020-05-26,-43.0,1,1,101,29
California,2020-05-27,-43.0,1,1,102,29
California,2020-05-28,-43.0,1,1,103,29
California,2020-05-29,-41.0,1,1,104,29
California,2020-05-30,-17.0,1,1,105,29
California,2020-05-31,-19.0,1,1,106,29
California,2020-06-01,-42.0,1,1,107,29
California,2020-06-02,-42.0,1,1,108,29
California,2020-06-03,-42.0,1,1,109,29
California,2020-06-04,-42.0,1,1,110,29
California,2020-06-05,-40.0,1,1,111,29
California,2020-06-06,-17.0,1,1,112,29
California,2020-06-07,-18.0,1,1,113,29
California,2020-06-08,-40.0,1,1,114,29
California,2020-06-09,-40.0,1,1,115,29
California,2020-06-10,-41.0,1,1,116,29
California,2020-06-11,-41.0,1,1,117,29
California,2020-06-12,-39.0,1,1,118,29
California,2020-06-13,-15.0,1,1,119,29
California,2020-06-14,-16.0,1,1,120,29
California,2020-06-15,-39.0,1,1,121,29
California,2020-06-16,-40.0,1,1,122,29
California,2020-06-17,-41.0,1,1,123,29
California,2020-06-18,-41.0,1,1,124,29
California,2020-06-19,-40.0,1,1,125,29
California,2020-06-20,-14.0,1,1,126,29
California,2020-06-21,-14.0,1,1,127,29
California,2020-06-22,-42.0,1,1,128,29
California,2020-06-23,-42.0,1,1,129,29
California,2020-06-24,-41.0,1,1,130,29
California,2020-06-25,-41.0,1,1,131,29
California,2020-06-26,-40.0,1,1,132,29
California,2020-06-27,-16.0,1,1,133,29
California,2020-06-28,-14.0,1,1,134,29
California,2020-06-29,-40.0,1,1,135,29
California,2020-06-30,-41.0,1,1,136,29
California,2020-07-01,-41.0,1,1,137,29
California,2020-07-02,-43.0,1,1,138,29
California,2020-07-03,-58.0,1,1,139,29
California,2020-07-04,-32.0,1,1,140,29
California,2020-07-05,-21.0,1,1,141,29
California,2020-07-06,-44.0,1,1,142,29
California,2020-07-07,-43.0,1,1,143,29
California,2020-07-08,-42.0,1,1,144,29
California,2020-07-09,-42.0,1,1,145,29
California,2020-07-10,-41.0,1,1,146,29
California,2020-07-11,-17.0,1,1,147,29
California,2020-07-12,-18.0,1,1,148,29
California,2020-07-13,-42.0,1,1,149,29
California,2020-07-14,-43.0,1,1,150,29
California,2020-07-15,-43.0,1,1,151,29
California,2020-07-16,-43.0,1,1,152,29
California,2020-07-17,-41.0,1,1,153,29
California,2020-07-18,-19.0,1,1,154,29
California,2020-07-19,-20.0,1,1,155,29
California,2020-07-20,-43.0,1,1,156,29
California,2020-07-21,-44.0,1,1,157,29
California,2020-07-22,-43.0,1,1,158,29
California,2020-07-23,-43.0,1,1,159,29
California,2020-07-24,-41.0,1,1,160,29
California,2020-07-25,-19.0,1,1,161,29
California,2020-07-26,-20.0,1,1,162,29
California,2020-07-27,-43.0,1,1,163,29
California,2020-07-28,-43.0,1,1,164,29
California,2020-07-29,-44.0,1,1,165,29
California,2020-07-30,-44.0,1,1,166,29
California,2020-07-31,-42.0,1,1,167,29
California,2020-08-01,-19.0,1,1,168,29
California,2020-08-02,-20.0,1,1,169,29
California,2020-08-03,-43.0,1,1,170,29
California,2020-08-04,-43.0,1,1,171,29
California,2020-08-05,-43.0,1,1,172,29
California,2020-08-06,-43.0,1,1,173,29
California,2020-08-07,-41.0,1,1,174,29
California,2020-08-08,-19.0,1,1,175,29
California,2020-08-09,-20.0,1,1,176,29
California,2020-08-10,-43.0,1,1,177,29
California,2020-08-11,-43.0,1,1,178,29
California,2020-08-12,-43.0,1,1,179,29
California,2020-08-13,-44.0,1,1,180,29
California,2020-08-14,-42.0,1,1,181,29
California,2020-08-15,-21.0,1,1,182,29
California,2020-08-16,-21.0,1,1,183,29
California,2020-08-17,-43.0,1,1,184,29
California,2020-08-18,-43.0,1,1,185,29
California,2020-08-19,-43.0,1,1,186,29
California,2020-08-20,-43.0,1,1,187,29
California,2020-08-21,-41.0,1,1,188,29
California,2020-08-22,-19.0,1,1,189,29
California,2020-08-23,-20.0,1,1,190,29
California,2020-08-24,-42.0,1,1,191,29
California,2020-08-25,-42.0,1,1,192,29
California,2020-08-26,-42.0,1,1,193,29
California,2020-08-27,-42.0,1,1,194,29
California,2020-08-28,-40.0,1,1,195,29
California,2020-08-29,-18.0,1,1,196,29
California,2020-08-30,-19.0,1,1,197,29
California,2020-08-31,-41.0,1,1,198,29
California,2020-09-01,-42.0,1,1,199,29
California,2020-09-02,-42.0,1,1,200,29
California,2020-09-03,-42.0,1,1,201,29
California,2020-09-04,-41.0,1,1,202,29
California,2020-09-05,-22.0,1,1,203,29
California,2020-09-06,-23.0,1,1,204,29
California,2020-09-07,-73.0,1,1,205,29
California,2020-09-08,-43.0,1,1,206,29
California,2020-09-09,-42.0,1,1,207,29
California,2020-09-10,-42.0,1,1,208,29
California,2020-09-11,-39.0,1,1,209,29
California,2020-09-12,-17.0,1,1,210,29
California,2020-09-13,-19.0,1,1,211,29
California,2020-09-14,-39.0,1,1,212,29
California,2020-09-15,-39.0,1,1,213,29
California,2020-09-16,-40.0,1,1,214,29
California,2020-09-17,-40.0,1,1,215,29
California,2020-09-18,-38.0,1,1,216,29
California,2020-09-19,-17.0,1,1,217,29
California,2020-09-20,-17.0,1,1,218,29
California,2020-09-21,-40.0,1,1,219,29
California,2020-09-22,-40.0,1,1,220,29
California,2020-09-23,-39.0,1,1,221,29
California,2020-09-24,-40.0,1,1,222,29
California,2020-09-25,-37.0,1,1,223,29
California,2020-09-26,-15.0,1,1,224,29
California,2020-09-27,-17.0,1,1,225,29
California,2020-09-28,-39.0,1,1,226,29
California,2020-09-29,-39.0,1,1,227,29
California,2020-09-30,-40.0,1,1,228,29
California,2020-10-01,-39.0,1,1,229,29
California,2020-10-02,-37.0,1,1,230,29
California,2020-10-03,-16.0,1,1,231,29
California,2020-10-04,-17.0,1,1,232,29
California,2020-10-05,-39.0,1,1,233,29
California,2020-10-06,-39.0,1,1,234,29
California,2020-10-07,-39.0,1,1,235,29
California,2020-10-08,-39.0,1,1,236,29
California,2020-10-09,-37.0,1,1,237,29
California,2020-10-10,-15.0,1,1,238,29
California,2020-10-11,-16.0,1,1,239,29
California,2020-10-12,-42.0,1,1,240,29
California,2020-10-13,-39.0,1,1,241,29
California,2020-10-14,-38.0,1,1,242,29
California,2020-10-15,-39.0,1,1,243,29
California,2020-10-16,-37.0,1,1,244,29
California,2020-10-17,-16.0,1,1,245,29
California,2020-10-18,-16.0,1,1,246,29
California,2020-10-19,-38.0,1,1,247,29
California,2020-10-20,-39.0,1,1,248,29
California,2020-10-21,-38.0,1,1,249,29
California,2020-10-22,-39.0,1,1,250,29
California,2020-10-23,-36.0,1,1,251,29
California,2020-10-24,-15.0,1,1,252,29
California,2020-10-25,-17.0,1,1,253,29
California,2020-10-26,-39.0,1,1,254,29
California,2020-10-27,-39.0,1,1,255,29
California,2020-10-28,-38.0,1,1,256,29
California,2020-10-29,-38.0,1,1,257,29
California,2020-10-30,-36.0,1,1,258,29
California,2020-10-31,-14.0,1,1,259,29
California,2020-11-01,-17.0,1,1,260,29
California,2020-11-02,-38.0,1,1,261,29
California,2020-11-03,-39.0,1,1,262,29
California,2020-11-04,-38.0,1,1,263,29
California,2020-11-05,-38.0,1,1,264,29
California,2020-11-06,-36.0,1,1,265,29
California,2020-11-07,-17.0,1,1,266,29
California,2020-11-08,-18.0,1,1,267,29
California,2020-11-09,-38.0,1,1,268,29
California,2020-11-10,-38.0,1,1,269,29
California,2020-11-11,-46.0,1,1,270,29
California,2020-11-12,-39.0,1,1,271,29
California,2020-11-13,-37.0,1,1,272,29
California,2020-11-14,-15.0,1,1,273,29
California,2020-11-15,-16.0,1,1,274,29
California,2020-11-16,-38.0,1,1,275,29
California,2020-11-17,-39.0,1,1,276,29
California,2020-11-18,-39.0,1,1,277,29
California,2020-11-19,-39.0,1,1,278,29
California,2020-11-20,-37.0,1,1,279,29
California,2020-11-21,-14.0,1,1,280,29
California,2020-11-22,-15.0,1,1,281,29
California,2020-11-23,-40.0,1,1,282,29
California,2020-11-24,-42.0,1,1,283,29
California,2020-11-25,-44.0,1,1,284,29
California,2020-11-26,-79.0,1,1,285,29
California,2020-11-27,-64.0,1,1,286,29
California,2020-11-28,-22.0,1,1,287,29
California,2020-11-29,-18.0,1,1,288,29
California,2020-11-30,-39.0,1,1,289,29
California,2020-12-01,-40.0,1,1,290,29
California,2020-12-02,-40.0,1,1,291,29
California,2020-12-03,-40.0,1,1,292,29
California,2020-12-04,-38.0,1,1,293,29
California,2020-12-05,-15.0,1,1,294,29
California,2020-12-06,-17.0,1,1,295,29
California,2020-12-07,-41.0,1,1,296,29
California,2020-12-08,-41.0,1,1,297,29
California,2020-12-09,-42.0,1,1,298,29
California,2020-12-10,-42.0,1,1,299,29
California,2020-12-11,-40.0,1,1,300,29
California,2020-12-12,-19.0,1,1,301,29
California,2020-12-13,-22.0,1,1,302,29
California,2020-12-14,-42.0,1,1,303,29
California,2020-12-15,-43.0,1,1,304,29
California,2020-12-16,-42.0,1,1,305,29
California,2020-12-17,-43.0,1,1,306,29
California,2020-12-18,-41.0,1,1,307,29
California,2020-12-19,-18.0,1,1,308,29
California,2020-12-20,-19.0,1,1,309,29
California,2020-12-21,-44.0,1,1,310,29
California,2020-12-22,-46.0,1,1,311,29
California,2020-12-23,-47.0,1,1,312,29
California,2020-12-24,-63.0,1,1,313,29
California,2020-12-25,-83.0,1,1,314,29
California,2020-12-26,-32.0,1,1,315,29
California,2020-12-27,-23.0,1,1,316,29
California,2020-12-28,-52.0,1,1,317,29
California,2020-12-29,-51.0,1,1,318,29
California,2020-12-30,-50.0,1,1,319,29
California,2020-12-31,-58.0,1,1,320,29
Florida,2020-02-15,-1.0,0,0,0,0
Florida,2020-02-16,-2.0,0,0,1,0
Florida,2020-02-17,-19.0,0,0,2,0
Florida,2020-02-18,1.0,0,0,3,0
Florida,2020-02-19,2.0,0,0,4,0
Florida,2020-02-20,1.0,0,0,5,0
Florida,2020-02-21,0.0,0,0,6,0
Florida,2020-02-22,1.0,0,0,7,0
Florida,2020-02-23,0.0,0,0,8,0
Florida,2020-02-24,2.0,0,0,9,0
Florida,2020-02-25,2.0,0,0,10,0
Florida,2020-02-26,1.0,0,0,11,0
Florida,2020-02-27,2.0,0,0,12,0
Florida,2020-02-28,1.0,0,0,13,0
Florida,2020-02-29,2.0,0,0,14,0
Florida,2020-03-01,1.0,0,0,15,0
Florida,2020-03-02,1.0,0,0,16,0
Florida,2020-03-03,2.0,0,0,17,0
Florida,2020-03-04,1.0,0,0,18,0
Florida,2020-03-05,1.0,0,0,19,0
Florida,2020-03-06,1.0,0,0,20,0
Florida,2020-03-07,2.0,0,0,21,0
Florida,2020-03-08,0.0,0,0,22,0
Florida,2020-03-09,0.0,0,0,23,0
Florida,2020-03-10,0.0,0,0,24,0
Florida,2020-03-11,0.0,0,0,25,0
Florida,2020-03-12,-1.0,0,0,26,0
Florida,2020-03-13,-5.0,0,0,27,0
Florida,2020-03-14,-1.0,0,0,28,0
Florida,2020-03-15,-6.0,0,1,29,0
Florida,2020-03-16,-18.0,0,1,30,0
Florida,2020-03-17,-22.0,0,1,31,0
Florida,2020-03-18,-26.0,0,1,32,0
Florida,2020-03-19,-29.0,0,1,33,0
Florida,2020-03-20,-31.0,0,1,34,0
Florida,2020-03-21,-26.0,0,1,35,0
Florida,2020-03-22,-33.0,0,1,36,0
Florida,2020-03-23,-36.0,0,1,37,0
Florida,2020-03-24,-39.0,0,1,38,0
Florida,2020-03-25,-40.0,0,1,39,0
Florida,2020-03-26,-42.0,0,1,40,0
Florida,2020-03-27,-43.0,0,1,41,0
Florida,2020-03-28,-36.0,0,1,42,0
Florida,2020-03-29,-41.0,0,1,43,0
Florida,2020-03-30,-43.0,0,1,44,0
Florida,2020-03-31,-45.0,0,1,45,0
Florida,2020-04-01,-45.0,0,1,46,0
Florida,2020-04-02,-46.0,0,1,47,0
Florida,2020-04-03,-48.0,0,1,48,0
Florida,2020-04-04,-40.0,0,1,49,0
Florida,2020-04-05,-45.0,0,1,50,0
Florida,2020-04-06,-48.0,0,1,51,0
Florida,2020-04-07,-49.0,0,1,52,0
Florida,2020-04-08,-49.0,0,1,53,0
Florida,2020-04-09,-50.0,0,1,54,0
Florida,2020-04-10,-53.0,0,1,55,0
Florida,2020-04-11,-40.0,0,1,56,0
Florida,2020-04-12,-50.0,0,1,57,0
Florida,2020-04-13,-47.0,0,1,58,0
Florida,2020-04-14,-48.0,0,1,59,0
Florida,2020-04-15,-47.0,0,1,60,0
Florida,2020-04-16,-48.0,0,1,61,0
Florida,2020-04-17,-47.0,0,1,62,0
Florida,2020-04-18,-38.0,0,1,63,0
Florida,2020-04-19,-40.0,0,1,64,0
Florida,2020-04-20,-46.0,0,1,65,0
Florida,2020-04-21,-46.0,0,1,66,0
Florida,2020-04-22,-46.0,0,1,67,0
Florida,2020-04-23,-47.0,0,1,68,0
Florida,2020-04-24,-47.0,0,1,69,0
Florida,2020-04-25,-36.0,0,1,70,0
Florida,2020-04-26,-40.0,0,1,71,0
Florida,2020-04-27,-44.0,0,1,72,0
Florida,2020-04-28,-45.0,0,1,73,0
Florida,2020-04-29,-45.0,0,1,74,0
Florida,2020-04-30,-46.0,0,1,75,0
Florida,2020-05-01,-43.0,0,1,76,0
Florida,2020-05-02,-32.0,0,1,77,0
Florida,2020-05-03,-35.0,0,1,78,0
Florida,2020-05-04,-41.0,0,1,79,0
Florida,2020-05-05,-41.0,0,1,80,0
Florida,2020-05-06,-41.0,0,1,81,0
Florida,2020-05-07,-41.0,0,1,82,0
Florida,2020-05-08,-40.0,0,1,83,0
Florida,2020-05-09,-28.0,0,1,84,0
Florida,2020-05-10,-31.0,0,1,85,0
Florida,2020-05-11,-39.0,0,1,86,0
Florida,2020-05-12,-39.0,0,1,87,0
Florida,2020-05-13,-39.0,0,1,88,0
Florida,2020-05-14,-39.0,0,1,89,0
Florida,2020-05-15,-39.0,0,1,90,0
Florida,2020-05-16,-26.0,0,1,91,0
Florida,2020-05-17,-28.0,0,1,92,0
Florida,2020-05-18,-37.0,0,1,93,0
Florida,2020-05-19,-37.0,0,1,94,0
Florida,2020-05-20,-37.0,0,1,95,0
Florida,2020-05-21,-37.0,0,1,96,0
Florida,2020-05-22,-36.0,0,1,97,0
Florida,2020-05-23,-22.0,0,1,98,0
Florida,2020-05-24,-27.0,0,1,99,0
Florida,2020-05-25,-68.0,0,1,100,0
Florida,2020-05-26,-35.0,0,1,101,0
Florida,2020-05-27,-35.0,0,1,102,0
Florida,2020-05-28,-34.0,0,1,103,0
Florida,2020-05-29,-33.0,0,1,104,0
Florida,2020-05-30,-15.0,0,1,105,0
Florida,2020-05-31,-19.0,0,1,106,0
Florida,2020-06-01,-33.0,0,1,107,0
Florida,2020-06-02,-33.0,0,1,108,0
Florida,2020-06-03,-34.0,0,1,109,0
Florida,2020-06-04,-34.0,0,1,110,0
Florida,2020-06-05,-33.0,0,1,111,0
Florida,2020-06-06,-18.0,0,1,112,0
Florida,2020-06-07,-21.0,0,1,113,0
Florida,2020-06-08,-32.0,0,1,114,0
Florida,2020-06-09,-32.0,0,1,115,0
Florida,2020-06-10,-33.0,0,1,116,0
Florida,2020-06-11,-33.0,0,1,117,0
Florida,2020-06-12,-32.0,0,1,118,0
Florida,2020-06-13,-14.0,0,1,119,0
Florida,2020-06-14,-17.0,0,1,120,0
Florida,2020-06-15,-32.0,0,1,121,0
Florida,2020-06-16,-32.0,0,1,122,0
Florida,2020-06-17,-33.0,0,1,123,0
Florida,2020-06-18,-33.0,0,1,124,0
Florida,2020-06-19,-34.0,0,1,125,0
Florida,2020-06-20,-15.0,0,1,126,0
Florida,2020-06-21,-17.0,0,1,127,0
Florida,2020-06-22,-35.0,0,1,128,0
Florida,2020-06-23,-35.0,0,1,129,0
Florida,2020-06-24,-34.0,0,1,130,0
Florida,2020-06-25,-34.0,0,1,131,0
Florida,2020-06-26,-34.0,0,1,132,0
Florida,2020-06-27,-17.0,0,1,133,0
Florida,2020-06-28,-17.0,0,1,134,0
Florida,2020-06-29,-35.0,0,1,135,0
Florida,2020-06-30,-35.0,0,1,136,0
Florida,2020-07-01,-35.0,0,1,137,0
Florida,2020-07-02,-37.0,0,1,138,0
Florida,2020-07-03,-53.0,0,1,139,0
Florida,2020-07-04,-30.0,0,1,140,0
Florida,2020-07-05,-24.0,0,1,141,0
Florida,2020-07-06,-39.0,0,1,142,0
Florida,2020-07-07,-37.0,0,1,143,0
Florida,2020-07-08,-36.0,0,1,144,0
Florida,2020-07-09,-36.0,0,1,145,0
Florida,2020-07-10,-37.0,0,1,146,0
Florida,2020-07-11,-18.0,0,1,147,0
Florida,2020-07-12,-21.0,0,1,148,0
Florida,2020-07-13,-37.0,0,1,149,0
Florida,2020-07-14,-37.0,0,1,150,0
Florida,2020-07-15,-36.0,0,1,151,0
Florida,2020-07-16,-37.0,0,1,152,0
Florida,2020-07-17,-37.0,0,1,153,0
Florida,2020-07-18,-20.0,0,1,154,0
Florida,2020-07-19,-22.0,0,1,155,0
Florida,2020-07-20,-37.0,0,1,156,0
Florida,2020-07-21,-38.0,0,1,157,0
Florida,2020-07-22,-37.0,0,1,158,0
Florida,2020-07-23,-37.0,0,1,159,0
Florida,2020-07-24,-36.0,0,1,160,0
Florida,2020-07-25,-19.0,0,1,161,0
Florida,2020-07-26,-22.0,0,1,162,0
Florida,2020-07-27,-38.0,0,1,163,0
Florida,2020-07-28,-37.0,0,1,164,0
Florida,2020-07-29,-37.0,0,1,165,0
Florida,2020-07-30,-37.0,0,1,166,0
Florida,2020-07-31,-37.0,0,1,167,0
Florida,2020-08-01,-22.0,0,1,168,0
Florida,2020-08-02,-27.0,0,1,169,0
Florida,2020-08-03,-38.0,0,1,170,0
Florida,2020-08-04,-37.0,0,1,171,0
Florida,2020-08-05,-37.0,0,1,172,0
Florida,2020-08-06,-37.0,0,1,173,0
Florida,2020-08-07,-36.0,0,1,174,0
Florida,2020-08-08,-19.0,0,1,175,0
Florida,2020-08-09,-22.0,0,1,176,0
Florida,2020-08-10,-37.0,0,1,177,0
Florida,2020-08-11,-37.0,0,1,178,0
Florida,2020-08-12,-36.0,0,1,179,0
Florida,2020-08-13,-37.0,0,1,180,0
Florida,2020-08-14,-36.0,0,1,181,0
Florida,2020-08-15,-21.0,0,1,182,0
Florida,2020-08-16,-23.0,0,1,183,0
Florida,2020-08-17,-37.0,0,1,184,0
Florida,2020-08-18,-36.0,0,1,185,0
Florida,2020-08-19,-36.0,0,1,186,0
Florida,2020-08-20,-36.0,0,1,187,0
Florida,2020-08-21,-35.0,0,1,188,0
Florida,2020-08-22,-19.0,0,1,189,0
Florida,2020-08-23,-22.0,0,1,190,0
Florida,2020-08-24,-36.0,0,1,191,0
Florida,2020-08-25,-35.0,0,1,192,0
Florida,2020-08-26,-34.0,0,1,193,0
Florida,2020-08-27,-34.0,0,1,194,0
Florida,2020-08-28,-33.0,0,1,195,0
Florida,2020-08-29,-20.0,0,1,196,0
Florida,2020-08-30,-23.0,0,1,197,0
Florida,2020-08-31,-35.0,0,1,198,0
Florida,2020-09-01,-34.0,0,1,199,0
Florida,2020-09-02,-34.0,0,1,200,0
Florida,2020-09-03,-34.0,0,1,201,0
Florida,2020-09-04,-35.0,0,1,202,0
Florida,2020-09-05,-23.0,0,1,203,0
Florida,2020-09-06,-24.0,0,1,204,0
Florida,2020-09-07,-69.0,0,1,205,0
Florida,2020-09-08,-35.0,0,1,206,0
Florida,2020-09-09,-33.0,0,1,207,0
Florida,2020-09-10,-34.0,0,1,208,0
Florida,2020-09-11,-32.0,0,1,209,0
Florida,2020-09-12,-21.0,0,1,210,0
Florida,2020-09-13,-23.0,0,1,211,0
Florida,2020-09-14,-31.0,0,1,212,0
Florida,2020-09-15,-32.0,0,1,213,0
Florida,2020-09-16,-34.0,0,1,214,0
Florida,2020-09-17,-33.0,0,1,215,0
Florida,2020-09-18,-31.0,0,1,216,0
Florida,2020-09-19,-20.0,0,1,217,0
Florida,2020-09-20,-23.0,0,1,218,0
Florida,2020-09-21,-33.0,0,1,219,0
Florida,2020-09-22,-31.0,0,1,220,0
Florida,2020-09-23,-30.0,0,1,221,0
Florida,2020-09-24,-31.0,0,1,222,0
Florida,2020-09-25,-30.0,0,1,223,0
Florida,2020-09-26,-18.0,0,1,224,0
Florida,2020-09-27,-21.0,0,1,225,0
Florida,2020-09-28,-32.0,0,1,226,0
Florida,2020-09-29,-30.0,0,1,227,0
Florida,2020-09-30,-30.0,0,1,228,0
Florida,2020-10-01,-29.0,0,1,229,0
Florida,2020-10-02,-28.0,0,1,230,0
Florida,2020-10-03,-19.0,0,1,231,0
Florida,2020-10-04,-22.0,0,1,232,0
Florida,2020-10-05,-30.0,0,1,233,0
Florida,2020-10-06,-30.0,0,1,234,0
Florida,2020-10-07,-29.0,0,1,235,0
Florida,2020-10-08,-30.0,0,1,236,0
Florida,2020-10-09,-29.0,0,1,237,0
Florida,2020-10-10,-18.0,0,1,238,0
Florida,2020-10-11,-20.0,0,1,239,0
Florida,2020-10-12,-33.0,0,1,240,0
Florida,2020-10-13,-30.0,0,1,241,0
Florida,2020-10-14,-29.0,0,1,242,0
Florida,2020-10-15,-29.0,0,1,243,0
Florida,2020-10-16,-29.0,0,1,244,0
Florida,2020-10-17,-18.0,0,1,245,0
Florida,2020-10-18,-21.0,0,1,246,0
Florida,2020-10-19,-30.0,0,1,247,0
Florida,2020-10-20,-29.0,0,1,248,0
Florida,2020-10-21,-29.0,0,1,249,0
Florida,2020-10-22,-29.0,0,1,250,0
Florida,2020-10-23,-29.0,0,1,251,0
Florida,2020-10-24,-18.0,0,1,252,0
Florida,2020-10-25,-21.0,0,1,253,0
Florida,2020-10-26,-29.0,0,1,254,0
Florida,2020-10-27,-29.0,0,1,255,0
Florida,2020-10-28,-28.0,0,1,256,0
Florida,2020-10-29,-28.0,0,1,257,0
Florida,2020-10-30,-28.0,0,1,258,0
Florida,2020-10-31,-17.0,0,1,259,0
Florida,2020-11-01,-20.0,0,1,260,0
Florida,2020-11-02,-28.0,0,1,261,0
Florida,2020-11-03,-30.0,0,1,262,0
Florida,2020-11-04,-28.0,0,1,263,0
Florida,2020-11-05,-28.0,0,1,264,0
Florida,2020-11-06,-27.0,0,1,265,0
Florida,2020-11-07,-17.0,0,1,266,0
Florida,2020-11-08,-23.0,0,1,267,0
Florida,2020-11-09,-39.0,0,1,268,0
Florida,2020-11-10,-29.0,0,1,269,0
Florida,2020-11-11,-39.0,0,1,270,0
Florida,2020-11-12,-34.0,0,1,271,0
Florida,2020-11-13,-27.0,0,1,272,0
Florida,2020-11-14,-15.0,0,1,273,0
Florida,2020-11-15,-19.0,0,1,274,0
Florida,2020-11-16,-28.0,0,1,275,0
Florida,2020-11-17,-28.0,0,1,276,0
Florida,2020-11-18,-27.0,0,1,277,0
Florida,2020-11-19,-28.0,0,1,278,0
Florida,2020-11-20,-27.0,0,1,279,0
Florida,2020-11-21,-15.0,0,1,280,0
Florida,2020-11-22,-18.0,0,1,281,0
Florida,2020-11-23,-33.0,0,1,282,0
Florida,2020-11-24,-34.0,0,1,283,0
Florida,2020-11-25,-37.0,0,1,284,0
Florida,2020-11-26,-79.0,0,1,285,0
Florida,2020-11-27,-57.0,0,1,286,0
Florida,2020-11-28,-21.0,0,1,287,0
Florida,2020-11-29,-20.0,0,1,288,0
Florida,2020-11-30,-29.0,0,1,289,0
Florida,2020-12-01,-28.0,0,1,290,0
Florida,2020-12-02,-27.0,0,1,291,0
Florida,2020-12-03,-27.0,0,1,292,0
Florida,2020-12-04,-26.0,0,1,293,0
Florida,2020-12-05,-13.0,0,1,294,0
Florida,2020-12-06,-17.0,0,1,295,0
Florida,2020-12-07,-28.0,0,1,296,0
Florida,2020-12-08,-27.0,0,1,297,0
Florida,2020-12-09,-27.0,0,1,298,0
Florida,2020-12-10,-27.0,0,1,299,0
Florida,2020-12-11,-26.0,0,1,300,0
Florida,2020-12-12,-14.0,0,1,301,0
Florida,2020-12-13,-16.0,0,1,302,0
Florida,2020-12-14,-28.0,0,1,303,0
Florida,2020-12-15,-28.0,0,1,304,0
Florida,2020-12-16,-27.0,0,1,305,0
Florida,2020-12-17,-27.0,0,1,306,0
Florida,2020-12-18,-27.0,0,1,307,0
Florida,2020-12-19,-13.0,0,1,308,0
Florida,2020-12-20,-16.0,0,1,309,0
Florida,2020-12-21,-35.0,0,1,310,0
Florida,2020-12-22,-36.0,0,1,311,0
Florida,2020-12-23,-36.0,0,1,312,0
Florida,2020-12-24,-55.0,0,1,313,0
Florida,2020-12-25,-82.0,0,1,314,0
Florida,2020-12-26,-26.0,0,1,315,0
Florida,2020-12-27,-20.0,0,1,316,0
Florida,2020-12-28,-41.0,0,1,317,0
Florida,2020-12-29,-41.0,0,1,318,0
Florida,2020-12-30,-40.0,0,1,319,0
Florida,2020-12-31,-48.0,0,1,320,0
Georgia,2020-02-15,1.0,0,0,0,0
Georgia,2020-02-16,-3.0,0,0,1,0
Georgia,2020-02-17,-19.0,0,0,2,0
Georgia,2020-02-18,-5.0,0,0,3,0
Georgia,2020-02-19,-2.0,0,0,4,0
Georgia,2020-02-20,-4.0,0,0,5,0
Georgia,2020-02-21,-3.0,0,0,6,0
Georgia,2020-02-22,4.0,0,0,7,0
Georgia,2020-02-23,1.0,0,0,8,0
Georgia,2020-02-24,1.0,0,0,9,0
Georgia,2020-02-25,2.0,0,0,10,0
Georgia,2020-02-26,1.0,0,0,11,0
Georgia,2020-02-27,2.0,0,0,12,0
Georgia,2020-02-28,2.0,0,0,13,0
Georgia,2020-02-29,4.0,0,0,14,0
Georgia,2020-03-01,2.0,0,0,15,0
Georgia,2020-03-02,2.0,0,0,16,0
Georgia,2020-03-03,1.0,0,0,17,0
Georgia,2020-03-04,0.0,0,0,18,0
Georgia,2020-03-05,-1.0,0,0,19,0
Georgia,2020-03-06,1.0,0,0,20,0
Georgia,2020-03-07,5.0,0,0,21,0
Georgia,2020-03-08,1.0,0,0,22,0
Georgia,2020-03-09,2.0,0,0,23,0
Georgia,2020-03-10,-1.0,0,0,24,0
Georgia,2020-03-11,-1.0,0,0,25,0
Georgia,2020-03-12,-1.0,0,0,26,0
Georgia,2020-03-13,-8.0,0,0,27,0
Georgia,2020-03-14,0.0,0,0,28,0
Georgia,2020-03-15,-9.0,0,1,29,0
Georgia,2020-03-16,-20.0,0,1,30,0
Georgia,2020-03-17,-25.0,0,1,31,0
Georgia,2020-03-18,-29.0,0,1,32,0
Georgia,2020-03-19,-31.0,0,1,33,0
Georgia,2020-03-20,-32.0,0,1,34,0
Georgia,2020-03-21,-18.0,0,1,35,0
Georgia,2020-03-22,-29.0,0,1,36,0
Georgia,2020-03-23,-38.0,0,1,37,0
Georgia,2020-03-24,-41.0,0,1,38,0
Georgia,2020-03-25,-42.0,0,1,39,0
Georgia,2020-03-26,-43.0,0,1,40,0
Georgia,2020-03-27,-42.0,0,1,41,0
Georgia,2020-03-28,-28.0,0,1,42,0
Georgia,2020-03-29,-37.0,0,1,43,0
Georgia,2020-03-30,-44.0,0,1,44,0
Georgia,2020-03-31,-47.0,0,1,45,0
Georgia,2020-04-01,-47.0,0,1,46,0
Georgia,2020-04-02,-47.0,0,1,47,0
Georgia,2020-04-03,-48.0,0,1,48,0
Georgia,2020-04-04,-36.0,0,1,49,0
Georgia,2020-04-05,-42.0,0,1,50,0
Georgia,2020-04-06,-50.0,0,1,51,0
Georgia,2020-04-07,-51.0,0,1,52,0
Georgia,2020-04-08,-52.0,0,1,53,0
Georgia,2020-04-09,-51.0,0,1,54,0
Georgia,2020-04-10,-54.0,0,1,55,0
Georgia,2020-04-11,-36.0,0,1,56,0
Georgia,2020-04-12,-49.0,0,1,57,0
Georgia,2020-04-13,-48.0,0,1,58,0
Georgia,2020-04-14,-47.0,0,1,59,0
Georgia,2020-04-15,-48.0,0,1,60,0
Georgia,2020-04-16,-47.0,0,1,61,0
Georgia,2020-04-17,-46.0,0,1,62,0
Georgia,2020-04-18,-31.0,0,1,63,0
Georgia,2020-04-19,-42.0,0,1,64,0
Georgia,2020-04-20,-46.0,0,1,65,0
Georgia,2020-04-21,-46.0,0,1,66,0
Georgia,2020-04-22,-47.0,0,1,67,0
Georgia,2020-04-23,-49.0,0,1,68,0
Georgia,2020-04-24,-45.0,0,1,69,0
Georgia,2020-04-25,-28.0,0,1,70,0
Georgia,2020-04-26,-36.0,0,1,71,0
Georgia,2020-04-27,-43.0,0,1,72,0
Georgia,2020-04-28,-45.0,0,1,73,0
Georgia,2020-04-29,-45.0,0,1,74,0
Georgia,2020-04-30,-45.0,0,1,75,0
Georgia,2020-05-01,-43.0,0,1,76,0
Georgia,2020-05-02,-25.0,0,1,77,0
Georgia,2020-05-03,-30.0,0,1,78,0
Georgia,2020-05-04,-41.0,0,1,79,0
Georgia,2020-05-05,-42.0,0,1,80,0
Georgia,2020-05-06,-42.0,0,1,81,0
Georgia,2020-05-07,-42.0,0,1,82,0
Georgia,2020-05-08,-41.0,0,1,83,0
Georgia,2020-05-09,-21.0,0,1,84,0
Georgia,2020-05-10,-27.0,0,1,85,0
Georgia,2020-05-11,-39.0,0,1,86,0
Georgia,2020-05-12,-39.0,0,1,87,0
Georgia,2020-05-13,-40.0,0,1,88,0
Georgia,2020-05-14,-40.0,0,1,89,0
Georgia,2020-05-15,-39.0,0,1,90,0
Georgia,2020-05-16,-19.0,0,1,91,0
Georgia,2020-05-17,-25.0,0,1,92,0
Georgia,2020-05-18,-38.0,0,1,93,0
Georgia,2020-05-19,-38.0,0,1,94,0
Georgia,2020-05-20,-39.0,0,1,95,0
Georgia,2020-05-21,-38.0,0,1,96,0
Georgia,2020-05-22,-38.0,0,1,97,0
Georgia,2020-05-23,-18.0,0,1,98,0
Georgia,2020-05-24,-26.0,0,1,99,0
Georgia,2020-05-25,-70.0,0,1,100,0
Georgia,2020-05-26,-38.0,0,1,101,0
Georgia,2020-05-27,-38.0,0,1,102,0
Georgia,2020-05-28,-37.0,0,1,103,0
Georgia,2020-05-29,-36.0,0,1,104,0
Georgia,2020-05-30,-9.0,0,1,105,0
Georgia,2020-05-31,-17.0,0,1,106,0
Georgia,2020-06-01,-35.0,0,1,107,0
Georgia,2020-06-02,-35.0,0,1,108,0
Georgia,2020-06-03,-36.0,0,1,109,0
Georgia,2020-06-04,-36.0,0,1,110,0
Georgia,2020-06-05,-36.0,0,1,111,0
Georgia,2020-06-06,-12.0,0,1,112,0
Georgia,2020-06-07,-19.0,0,1,113,0
Georgia,2020-06-08,-34.0,0,1,114,0
Georgia,2020-06-09,-35.0,0,1,115,0
Georgia,2020-06-10,-36.0,0,1,116,0
Georgia,2020-06-11,-35.0,0,1,117,0
Georgia,2020-06-12,-35.0,0,1,118,0
Georgia,2020-06-13,-9.0,0,1,119,0
Georgia,2020-06-14,-17.0,0,1,120,0
Georgia,2020-06-15,-34.0,0,1,121,0
Georgia,2020-06-16,-35.0,0,1,122,0
Georgia,2020-06-17,-35.0,0,1,123,0
Georgia,2020-06-18,-35.0,0,1,124,0
Georgia,2020-06-19,-35.0,0,1,125,0
Georgia,2020-06-20,-10.0,0,1,126,0
Georgia,2020-06-21,-18.0,0,1,127,0
Georgia,2020-06-22,-37.0,0,1,128,0
Georgia,2020-06-23,-37.0,0,1,129,0
Georgia,2020-06-24,-36.0,0,1,130,0
Georgia,2020-06-25,-36.0,0,1,131,0
Georgia,2020-06-26,-35.0,0,1,132,0
Georgia,2020-06-27,-12.0,0,1,133,0
Georgia,2020-06-28,-15.0,0,1,134,0
Georgia,2020-06-29,-36.0,0,1,135,0
Georgia,2020-06-30,-37.0,0,1,136,0
Georgia,2020-07-01,-38.0,0,1,137,0
Georgia,2020-07-02,-39.0,0,1,138,0
Georgia,2020-07-03,-57.0,0,1,139,0
Georgia,2020-07-04,-31.0,0,1,140,0
Georgia,2020-07-05,-23.0,0,1,141,0
Georgia,2020-07-06,-41.0,0,1,142,0
Georgia,2020-07-07,-39.0,0,1,143,0
Georgia,2020-07-08,-38.0,0,1,144,0
Georgia,2020-07-09,-38.0,0,1,145,0
Georgia,2020-07-10,-37.0,0,1,146,0
Georgia,2020-07-11,-12.0,0,1,147,0
Georgia,2020-07-12,-19.0,0,1,148,0
Georgia,2020-07-13,-38.0,0,1,149,0
Georgia,2020-07-14,-39.0,0,1,150,0
Georgia,2020-07-15,-38.0,0,1,151,0
Georgia,2020-07-16,-38.0,0,1,152,0
Georgia,2020-07-17,-38.0,0,1,153,0
Georgia,2020-07-18,-14.0,0,1,154,0
Georgia,2020-07-19,-21.0,0,1,155,0
Georgia,2020-07-20,-38.0,0,1,156,0
Georgia,2020-07-21,-39.0,0,1,157,0
Georgia,2020-07-22,-38.0,0,1,158,0
Georgia,2020-07-23,-38.0,0,1,159,0
Georgia,2020-07-24,-37.0,0,1,160,0
Georgia,2020-07-25,-15.0,0,1,161,0
Georgia,2020-07-26,-20.0,0,1,162,0
Georgia,2020-07-27,-38.0,0,1,163,0
Georgia,2020-07-28,-38.0,0,1,164,0
Georgia,2020-07-29,-38.0,0,1,165,0
Georgia,2020-07-30,-38.0,0,1,166,0
Georgia,2020-07-31,-37.0,0,1,167,0
Georgia,2020-08-01,-14.0,0,1,168,0
Georgia,2020-08-02,-20.0,0,1,169,0
Georgia,2020-08-03,-38.0,0,1,170,0
Georgia,2020-08-04,-38.0,0,1,171,0
Georgia,2020-08-05,-37.0,0,1,172,0
Georgia,2020-08-06,-37.0,0,1,173,0
Georgia,2020-08-07,-36.0,0,1,174,0
Georgia,2020-08-08,-14.0,0,1,175,0
Georgia,2020-08-09,-20.0,0,1,176,0
Georgia,2020-08-10,-37.0,0,1,177,0
Georgia,2020-08-11,-37.0,0,1,178,0
Georgia,2020-08-12,-37.0,0,1,179,0
Georgia,2020-08-13,-37.0,0,1,180,0
Georgia,2020-08-14,-36.0,0,1,181,0
Georgia,2020-08-15,-15.0,0,1,182,0
Georgia,2020-08-16,-20.0,0,1,183,0
Georgia,2020-08-17,-36.0,0,1,184,0
Georgia,2020-08-18,-35.0,0,1,185,0
Georgia,2020-08-19,-36.0,0,1,186,0
Georgia,2020-08-20,-35.0,0,1,187,0
Georgia,2020-08-21,-34.0,0,1,188,0
Georgia,2020-08-22,-13.0,0,1,189,0
Georgia,2020-08-23,-19.0,0,1,190,0
Georgia,2020-08-24,-34.0,0,1,191,0
Georgia,2020-08-25,-36.0,0,1,192,0
Georgia,2020-08-26,-34.0,0,1,193,0
Georgia,2020-08-27,-33.0,0,1,194,0
Georgia,2020-08-28,-32.0,0,1,195,0
Georgia,2020-08-29,-13.0,0,1,196,0
Georgia,2020-08-30,-19.0,0,1,197,0
Georgia,2020-08-31,-33.0,0,1,198,0
Georgia,2020-09-01,-34.0,0,1,199,0
Georgia,2020-09-02,-34.0,0,1,200,0
Georgia,2020-09-03,-34.0,0,1,201,0
Georgia,2020-09-04,-35.0,0,1,202,0
Georgia,2020-09-05,-18.0,0,1,203,0
Georgia,2020-09-06,-22.0,0,1,204,0
Georgia,2020-09-07,-71.0,0,1,205,0
Georgia,2020-09-08,-35.0,0,1,206,0
Georgia,2020-09-09,-34.0,0,1,207,0
Georgia,2020-09-10,-33.0,0,1,208,0
Georgia,2020-09-11,-31.0,0,1,209,0
Georgia,2020-09-12,-13.0,0,1,210,0
Georgia,2020-09-13,-19.0,0,1,211,0
Georgia,2020-09-14,-30.0,0,1,212,0
Georgia,2020-09-15,-31.0,0,1,213,0
Georgia,2020-09-16,-33.0,0,1,214,0
Georgia,2020-09-17,-34.0,0,1,215,0
Georgia,2020-09-18,-30.0,0,1,216,0
Georgia,2020-09-19,-13.0,0,1,217,0
Georgia,2020-09-20,-18.0,0,1,218,0
Georgia,2020-09-21,-32.0,0,1,219,0
Georgia,2020-09-22,-32.0,0,1,220,0
Georgia,2020-09-23,-31.0,0,1,221,0
Georgia,2020-09-24,-32.0,0,1,222,0
Georgia,2020-09-25,-30.0,0,1,223,0
Georgia,2020-09-26,-11.0,0,1,224,0
Georgia,2020-09-27,-17.0,0,1,225,0
Georgia,2020-09-28,-29.0,0,1,226,0
Georgia,2020-09-29,-31.0,0,1,227,0
Georgia,2020-09-30,-31.0,0,1,228,0
Georgia,2020-10-01,-29.0,0,1,229,0
Georgia,2020-10-02,-28.0,0,1,230,0
Georgia,2020-10-03,-12.0,0,1,231,0
Georgia,2020-10-04,-17.0,0,1,232,0
Georgia,2020-10-05,-30.0,0,1,233,0
Georgia,2020-10-06,-30.0,0,1,234,0
Georgia,2020-10-07,-30.0,0,1,235,0
Georgia,2020-10-08,-30.0,0,1,236,0
Georgia,2020-10-09,-31.0,0,1,237,0
Georgia,2020-10-10,-13.0,0,1,238,0
Georgia,2020-10-11,-18.0,0,1,239,0
Georgia,2020-10-12,-36.0,0,1,240,0
Georgia,2020-10-13,-31.0,0,1,241,0
Georgia,2020-10-14,-30.0,0,1,242,0
Georgia,2020-10-15,-30.0,0,1,243,0
Georgia,2020-10-16,-29.0,0,1,244,0
Georgia,2020-10-17,-12.0,0,1,245,0
Georgia,2020-10-18,-17.0,0,1,246,0
Georgia,2020-10-19,-28.0,0,1,247,0
Georgia,2020-10-20,-29.0,0,1,248,0
Georgia,2020-10-21,-29.0,0,1,249,0
Georgia,2020-10-22,-28.0,0,1,250,0
Georgia,2020-10-23,-28.0,0,1,251,0
Georgia,2020-10-24,-12.0,0,1,252,0
Georgia,2020-10-25,-17.0,0,1,253,0
Georgia,2020-10-26,-28.0,0,1,254,0
Georgia,2020-10-27,-28.0,0,1,255,0
Georgia,2020-10-28,-29.0,0,1,256,0
Georgia,2020-10-29,-37.0,0,1,257,0
Georgia,2020-10-30,-30.0,0,1,258,0
Georgia,2020-10-31,-10.0,0,1,259,0
Georgia,2020-11-01,-16.0,0,1,260,0
Georgia,2020-11-02,-28.0,0,1,261,0
Georgia,2020-11-03,-31.0,0,1,262,0
Georgia,2020-11-04,-29.0,0,1,263,0
Georgia,2020-11-05,-28.0,0,1,264,0
Georgia,2020-11-06,-27.0,0,1,265,0
Georgia,2020-11-07,-9.0,0,1,266,0
Georgia,2020-11-08,-16.0,0,1,267,0
Georgia,2020-11-09,-27.0,0,1,268,0
Georgia,2020-11-10,-29.0,0,1,269,0
Georgia,2020-11-11,-34.0,0,1,270,0
Georgia,2020-11-12,-28.0,0,1,271,0
Georgia,2020-11-13,-27.0,0,1,272,0
Georgia,2020-11-14,-9.0,0,1,273,0
Georgia,2020-11-15,-16.0,0,1,274,0
Georgia,2020-11-16,-27.0,0,1,275,0
Georgia,2020-11-17,-28.0,0,1,276,0
Georgia,2020-11-18,-29.0,0,1,277,0
Georgia,2020-11-19,-28.0,0,1,278,0
Georgia,2020-11-20,-27.0,0,1,279,0
Georgia,2020-11-21,-8.0,0,1,280,0
Georgia,2020-11-22,-13.0,0,1,281,0
Georgia,2020-11-23,-34.0,0,1,282,0
Georgia,2020-11-24,-36.0,0,1,283,0
Georgia,2020-11-25,-41.0,0,1,284,0
Georgia,2020-11-26,-81.0,0,1,285,0
Georgia,2020-11-27,-60.0,0,1,286,0
Georgia,2020-11-28,-18.0,0,1,287,0
Georgia,2020-11-29,-18.0,0,1,288,0
Georgia,2020-11-30,-29.0,0,1,289,0
Georgia,2020-12-01,-30.0,0,1,290,0
Georgia,2020-12-02,-29.0,0,1,291,0
Georgia,2020-12-03,-28.0,0,1,292,0
Georgia,2020-12-04,-27.0,0,1,293,0
Georgia,2020-12-05,-6.0,0,1,294,0
Georgia,2020-12-06,-14.0,0,1,295,0
Georgia,2020-12-07,-28.0,0,1,296,0
Georgia,2020-12-08,-28.0,0,1,297,0
Georgia,2020-12-09,-29.0,0,1,298,0
Georgia,2020-12-10,-28.0,0,1,299,0
Georgia,2020-12-11,-27.0,0,1,300,0
Georgia,2020-12-12,-7.0,0,1,301,0
Georgia,2020-12-13,-14.0,0,1,302,0
Georgia,2020-12-14,-29.0,0,1,303,0
Georgia,2020-12-15,-30.0,0,1,304,0
Georgia,2020-12-16,-31.0,0,1,305,0
Georgia,2020-12-17,-31.0,0,1,306,0
Georgia,2020-12-18,-30.0,0,1,307,0
Georgia,2020-12-19,-7.0,0,1,308,0
Georgia,2020-12-20,-13.0,0,1,309,0
Georgia,2020-12-21,-36.0,0,1,310,0
Georgia,2020-12-22,-38.0,0,1,311,0
Georgia,2020-12-23,-41.0,0,1,312,0
Georgia,2020-12-24,-63.0,0,1,313,0
Georgia,2020-12-25,-85.0,0,1,314,0
Georgia,2020-12-26,-26.0,0,1,315,0
Georgia,2020-12-27,-20.0,0,1,316,0
Georgia,2020-12-28,-43.0,0,1,317,0
Georgia,2020-12-29,-43.0,0,1,318,0
Georgia,2020-12-30,-43.0,0,1,319,0
Georgia,2020-12-31,-50.0,0,1,320,0
New Jersey,2020-02-15,1.0,1,0,0,29
New Jersey,2020-02-16,0.0,1,0,1,29
New Jersey,2020-02-17,-36.0,1,0,2,29
New Jersey,2020-02-18,-1.0,1,0,3,29
New Jersey,2020-02-19,1.0,1,0,4,29
New Jersey,2020-02-20,0.0,1,0,5,29
New Jersey,2020-02-21,2.0,1,0,6,29
New Jersey,2020-02-22,4.0,1,0,7,29
New Jersey,2020-02-23,2.0,1,0,8,29
New Jersey,2020-02-24,3.0,1,0,9,29
New Jersey,2020-02-25,2.0,1,0,10,29
New Jersey,2020-02-26,2.0,1,0,11,29
New Jersey,2020-02-27,1.0,1,0,12,29
New Jersey,2020-02-28,3.0,1,0,13,29
New Jersey,2020-02-29,4.0,1,0,14,29
New Jersey,2020-03-01,2.0,1,0,15,29
New Jersey,2020-03-02,3.0,1,0,16,29
New Jersey,2020-03-03,3.0,1,0,17,29
New Jersey,2020-03-04,2.0,1,0,18,29
New Jersey,2020-03-05,2.0,1,0,19,29
New Jersey,2020-03-06,2.0,1,0,20,29
New Jersey,2020-03-07,6.0,1,0,21,29
New Jersey,2020-03-08,2.0,1,0,22,29
New Jersey,2020-03-09,1.0,1,0,23,29
New Jersey,2020-03-10,-2.0,1,0,24,29
New Jersey,2020-03-11,-3.0,1,0,25,29
New Jersey,2020-03-12,-5.0,1,0,26,29
New Jersey,2020-03-13,-9.0,1,0,27,29
New Jersey,2020-03-14,-2.0,1,0,28,29
New Jersey,2020-03-15,-8.0,1,1,29,29
New Jersey,2020-03-16,-25.0,1,1,30,29
New Jersey,2020-03-17,-35.0,1,1,31,29
New Jersey,2020-03-18,-39.0,1,1,32,29
New Jersey,2020-03-19,-43.0,1,1,33,29
New Jersey,2020-03-20,-44.0,1,1,34,29
New Jersey,2020-03-21,-30.0,1,1,35,29
New Jersey,2020-03-22,-38.0,1,1,36,29
New Jersey,2020-03-23,-55.0,1,1,37,29
New Jersey,2020-03-24,-55.0,1,1,38,29
New Jersey,2020-03-25,-57.0,1,1,39,29
New Jersey,2020-03-26,-57.0,1,1,40,29
New Jersey,2020-03-27,-56.0,1,1,41,29
New Jersey,2020-03-28,-44.0,1,1,42,29
New Jersey,2020-03-29,-44.0,1,1,43,29
New Jersey,2020-03-30,-58.0,1,1,44,29
New Jersey,2020-03-31,-60.0,1,1,45,29
New Jersey,2020-04-01,-60.0,1,1,46,29
New Jersey,2020-04-02,-61.0,1,1,47,29
New Jersey,2020-04-03,-60.0,1,1,48,29
New Jersey,2020-04-04,-45.0,1,1,49,29
New Jersey,2020-04-05,-45.0,1,1,50,29
New Jersey,2020-04-06,-61.0,1,1,51,29
New Jersey,2020-04-07,-62.0,1,1,52,29
New Jersey,2020-04-08,-63.0,1,1,53,29
New Jersey,2020-04-09,-64.0,1,1,54,29
New Jersey,2020-04-10,-68.0,1,1,55,29
New Jersey,2020-04-11,-47.0,1,1,56,29
New Jersey,2020-04-12,-52.0,1,1,57,29
New Jersey,2020-04-13,-64.0,1,1,58,29
New Jersey,2020-04-14,-61.0,1,1,59,29
New Jersey,2020-04-15,-61.0,1,1,60,29
New Jersey,2020-04-16,-62.0,1,1,61,29
New Jersey,2020-04-17,-60.0,1,1,62,29
New Jersey,2020-04-18,-44.0,1,1,63,29
New Jersey,2020-04-19,-42.0,1,1,64,29
New Jersey,2020-04-20,-59.0,1,1,65,29
New Jersey,2020-04-21,-60.0,1,1,66,29
New Jersey,2020-04-22,-59.0,1,1,67,29
New Jersey,2020-04-23,-59.0,1,1,68,29
New Jersey,2020-04-24,-59.0,1,1,69,29
New Jersey,2020-04-25,-39.0,1,1,70,29
New Jersey,2020-04-26,-44.0,1,1,71,29
New Jersey,2020-04-27,-57.0,1,1,72,29
New Jersey,2020-04-28,-58.0,1,1,73,29
New Jersey,2020-04-29,-58.0,1,1,74,29
New Jersey,2020-04-30,-59.0,1,1,75,29
New Jersey,2020-05-01,-56.0,1,1,76,29
New Jersey,2020-05-02,-36.0,1,1,77,29
New Jersey,2020-05-03,-36.0,1,1,78,29
New Jersey,2020-05-04,-55.0,1,1,79,29
New Jersey,2020-05-05,-55.0,1,1,80,29
New Jersey,2020-05-06,-56.0,1,1,81,29
New Jersey,2020-05-07,-55.0,1,1,82,29
New Jersey,2020-05-08,-54.0,1,1,83,29
New Jersey,2020-05-09,-34.0,1,1,84,29
New Jersey,2020-05-10,-32.0,1,1,85,29
New Jersey,2020-05-11,-53.0,1,1,86,29
New Jersey,2020-05-12,-53.0,1,1,87,29
New Jersey,2020-05-13,-53.0,1,1,88,29
New Jersey,2020-05-14,-53.0,1,1,89,29
New Jersey,2020-05-15,-52.0,1,1,90,29
New Jersey,2020-05-16,-31.0,1,1,91,29
New Jersey,2020-05-17,-29.0,1,1,92,29
New Jersey,2020-05-18,-51.0,1,1,93,29
New Jersey,2020-05-19,-51.0,1,1,94,29
New Jersey,2020-05-20,-51.0,1,1,95,29
New Jersey,2020-05-21,-51.0,1,1,96,29
New Jersey,2020-05-22,-50.0,1,1,97,29
New Jersey,2020-05-23,-29.0,1,1,98,29
New Jersey,2020-05-24,-27.0,1,1,99,29
New Jersey,2020-05-25,-76.0,1,1,100,29
New Jersey,2020-05-26,-49.0,1,1,101,29
New Jersey,2020-05-27,-49.0,1,1,102,29
New Jersey,2020-05-28,-49.0,1,1,103,29
New Jersey,2020-05-29,-48.0,1,1,104,29
New Jersey,2020-05-30,-17.0,1,1,105,29
New Jersey,2020-05-31,-18.0,1,1,106,29
New Jersey,2020-06-01,-46.0,1,1,107,29
New Jersey,2020-06-02,-47.0,1,1,108,29
New Jersey,2020-06-03,-47.0,1,1,109,29
New Jersey,2020-06-04,-47.0,1,1,110,29
New Jersey,2020-06-05,-46.0,1,1,111,29
New Jersey,2020-06-06,-17.0,1,1,112,29
New Jersey,2020-06-07,-17.0,1,1,113,29
New Jersey,2020-06-08,-44.0,1,1,114,29
New Jersey,2020-06-09,-45.0,1,1,115,29
New Jersey,2020-06-10,-45.0,1,1,116,29
New Jersey,2020-06-11,-46.0,1,1,117,29
New Jersey,2020-06-12,-43.0,1,1,118,29
New Jersey,2020-06-13,-13.0,1,1,119,29
New Jersey,2020-06-14,-13.0,1,1,120,29
New Jersey,2020-06-15,-43.0,1,1,121,29
New Jersey,2020-06-16,-44.0,1,1,122,29
New Jersey,2020-06-17,-44.0,1,1,123,29
New Jersey,2020-06-18,-45.0,1,1,124,29
New Jersey,2020-06-19,-43.0,1,1,125,29
New Jersey,2020-06-20,-13.0,1,1,126,29
New Jersey,2020-06-21,-11.0,1,1,127,29
New Jersey,2020-06-22,-45.0,1,1,128,29
New Jersey,2020-06-23,-45.0,1,1,129,29
New Jersey,2020-06-24,-43.0,1,1,130,29
New Jersey,2020-06-25,-44.0,1,1,131,29
New Jersey,2020-06-26,-42.0,1,1,132,29
New Jersey,2020-06-27,-14.0,1,1,133,29
New Jersey,2020-06-28,-9.0,1,1,134,29
New Jersey,2020-06-29,-42.0,1,1,135,29
New Jersey,2020-06-30,-43.0,1,1,136,29
New Jersey,2020-07-01,-43.0,1,1,137,29
New Jersey,2020-07-02,-44.0,1,1,138,29
New Jersey,2020-07-03,-60.0,1,1,139,29
New Jersey,2020-07-04,-29.0,1,1,140,29
New Jersey,2020-07-05,-16.0,1,1,141,29
New Jersey,2020-07-06,-46.0,1,1,142,29
New Jersey,2020-07-07,-44.0,1,1,143,29
New Jersey,2020-07-08,-43.0,1,1,144,29
New Jersey,2020-07-09,-43.0,1,1,145,29
New Jersey,2020-07-10,-45.0,1,1,146,29
New Jersey,2020-07-11,-10.0,1,1,147,29
New Jersey,2020-07-12,-11.0,1,1,148,29
New Jersey,2020-07-13,-42.0,1,1,149,29
New Jersey,2020-07-14,-43.0,1,1,150,29
New Jersey,2020-07-15,-42.0,1,1,151,29
New Jersey,2020-07-16,-42.0,1,1,152,29
New Jersey,2020-07-17,-41.0,1,1,153,29
New Jersey,2020-07-18,-11.0,1,1,154,29
New Jersey,2020-07-19,-13.0,1,1,155,29
New Jersey,2020-07-20,-43.0,1,1,156,29
New Jersey,2020-07-21,-43.0,1,1,157,29
New Jersey,2020-07-22,-42.0,1,1,158,29
New Jersey,2020-07-23,-42.0,1,1,159,29
New Jersey,2020-07-24,-41.0,1,1,160,29
New Jersey,2020-07-25,-11.0,1,1,161,29
New Jersey,2020-07-26,-12.0,1,1,162,29
New Jersey,2020-07-27,-43.0,1,1,163,29
New Jersey,2020-07-28,-42.0,1,1,164,29
New Jersey,2020-07-29,-42.0,1,1,165,29
New Jersey,2020-07-30,-43.0,1,1,166,29
New Jersey,2020-07-31,-42.0,1,1,167,29
New Jersey,2020-08-01,-11.0,1,1,168,29
New Jersey,2020-08-02,-14.0,1,1,169,29
New Jersey,2020-08-03,-42.0,1,1,170,29
New Jersey,2020-08-04,-50.0,1,1,171,29
New Jersey,2020-08-05,-45.0,1,1,172,29
New Jersey,2020-08-06,-44.0,1,1,173,29
New Jersey,2020-08-07,-42.0,1,1,174,29
New Jersey,2020-08-08,-10.0,1,1,175,29
New Jersey,2020-08-09,-11.0,1,1,176,29
New Jersey,2020-08-10,-42.0,1,1,177,29
New Jersey,2020-08-11,-42.0,1,1,178,29
New Jersey,2020-08-12,-42.0,1,1,179,29
New Jersey,2020-08-13,-43.0,1,1,180,29
New Jersey,2020-08-14,-41.0,1,1,181,29
New Jersey,2020-08-15,-12.0,1,1,182,29
New Jersey,2020-08-16,-18.0,1,1,183,29
New Jersey,2020-08-17,-43.0,1,1,184,29
New Jersey,2020-08-18,-41.0,1,1,185,29
New Jersey,2020-08-19,-42.0,1,1,186,29
New Jersey,2020-08-20,-42.0,1,1,187,29
New Jersey,2020-08-21,-41.0,1,1,188,29
New Jersey,2020-08-22,-11.0,1,1,189,29
New Jersey,2020-08-23,-13.0,1,1,190,29
New Jersey,2020-08-24,-42.0,1,1,191,29
New Jersey,2020-08-25,-42.0,1,1,192,29
New Jersey,2020-08-26,-41.0,1,1,193,29
New Jersey,2020-08-27,-42.0,1,1,194,29
New Jersey,2020-08-28,-40.0,1,1,195,29
New Jersey,2020-08-29,-14.0,1,1,196,29
New Jersey,2020-08-30,-11.0,1,1,197,29
New Jersey,2020-08-31,-42.0,1,1,198,29
New Jersey,2020-09-01,-42.0,1,1,199,29
New Jersey,2020-09-02,-42.0,1,1,200,29
New Jersey,2020-09-03,-41.0,1,1,201,29
New Jersey,2020-09-04,-41.0,1,1,202,29
New Jersey,2020-09-05,-13.0,1,1,203,29
New Jersey,2020-09-06,-13.0,1,1,204,29
New Jersey,2020-09-07,-73.0,1,1,205,29
New Jersey,2020-09-08,-43.0,1,1,206,29
New Jersey,2020-09-09,-41.0,1,1,207,29
New Jersey,2020-09-10,-42.0,1,1,208,29
New Jersey,2020-09-11,-38.0,1,1,209,29
New Jersey,2020-09-12,-9.0,1,1,210,29
New Jersey,2020-09-13,-12.0,1,1,211,29
New Jersey,2020-09-14,-38.0,1,1,212,29
New Jersey,2020-09-15,-38.0,1,1,213,29
New Jersey,2020-09-16,-39.0,1,1,214,29
New Jersey,2020-09-17,-39.0,1,1,215,29
New Jersey,2020-09-18,-37.0,1,1,216,29
New Jersey,2020-09-19,-10.0,1,1,217,29
New Jersey,2020-09-20,-14.0,1,1,218,29
New Jersey,2020-09-21,-39.0,1,1,219,29
New Jersey,2020-09-22,-38.0,1,1,220,29
New Jersey,2020-09-23,-38.0,1,1,221,29
New Jersey,2020-09-24,-38.0,1,1,222,29
New Jersey,2020-09-25,-35.0,1,1,223,29
New Jersey,2020-09-26,-8.0,1,1,224,29
New Jersey,2020-09-27,-12.0,1,1,225,29
New Jersey,2020-09-28,-41.0,1,1,226,29
New Jersey,2020-09-29,-38.0,1,1,227,29
New Jersey,2020-09-30,-38.0,1,1,228,29
New Jersey,2020-10-01,-36.0,1,1,229,29
New Jersey,2020-10-02,-35.0,1,1,230,29
New Jersey,2020-10-03,-9.0,1,1,231,29
New Jersey,2020-10-04,-13.0,1,1,232,29
New Jersey,2020-10-05,-38.0,1,1,233,29
New Jersey,2020-10-06,-38.0,1,1,234,29
New Jersey,2020-10-07,-38.0,1,1,235,29
New Jersey,2020-10-08,-37.0,1,1,236,29
New Jersey,2020-10-09,-35.0,1,1,237,29
New Jersey,2020-10-10,-8.0,1,1,238,29
New Jersey,2020-10-11,-14.0,1,1,239,29
New Jersey,2020-10-12,-47.0,1,1,240,29
New Jersey,2020-10-13,-37.0,1,1,241,29
New Jersey,2020-10-14,-36.0,1,1,242,29
New Jersey,2020-10-15,-36.0,1,1,243,29
New Jersey,2020-10-16,-36.0,1,1,244,29
New Jersey,2020-10-17,-8.0,1,1,245,29
New Jersey,2020-10-18,-12.0,1,1,246,29
New Jersey,2020-10-19,-36.0,1,1,247,29
New Jersey,2020-10-20,-36.0,1,1,248,29
New Jersey,2020-10-21,-36.0,1,1,249,29
New Jersey,2020-10-22,-36.0,1,1,250,29
New Jersey,2020-10-23,-34.0,1,1,251,29
New Jersey,2020-10-24,-9.0,1,1,252,29
New Jersey,2020-10-25,-14.0,1,1,253,29
New Jersey,2020-10-26,-37.0,1,1,254,29
New Jersey,2020-10-27,-36.0,1,1,255,29
New Jersey,2020-10-28,-36.0,1,1,256,29
New Jersey,2020-10-29,-38.0,1,1,257,29
New Jersey,2020-10-30,-36.0,1,1,258,29
New Jersey,2020-10-31,-10.0,1,1,259,29
New Jersey,2020-11-01,-16.0,1,1,260,29
New Jersey,2020-11-02,-38.0,1,1,261,29
New Jersey,2020-11-03,-42.0,1,1,262,29
New Jersey,2020-11-04,-38.0,1,1,263,29
New Jersey,2020-11-05,-39.0,1,1,264,29
New Jersey,2020-11-06,-38.0,1,1,265,29
New Jersey,2020-11-07,-9.0,1,1,266,29
New Jersey,2020-11-08,-12.0,1,1,267,29
New Jersey,2020-11-09,-36.0,1,1,268,29
New Jersey,2020-11-10,-37.0,1,1,269,29
New Jersey,2020-11-11,-43.0,1,1,270,29
New Jersey,2020-11-12,-38.0,1,1,271,29
New Jersey,2020-11-13,-36.0,1,1,272,29
New Jersey,2020-11-14,-10.0,1,1,273,29
New Jersey,2020-11-15,-15.0,1,1,274,29
New Jersey,2020-11-16,-37.0,1,1,275,29
New Jersey,2020-11-17,-38.0,1,1,276,29
New Jersey,2020-11-18,-39.0,1,1,277,29
New Jersey,2020-11-19,-38.0,1,1,278,29
New Jersey,2020-11-20,-36.0,1,1,279,29
New Jersey,2020-11-21,-8.0,1,1,280,29
New Jersey,2020-11-22,-13.0,1,1,281,29
New Jersey,2020-11-23,-39.0,1,1,282,29
New Jersey,2020-11-24,-39.0,1,1,283,29
New Jersey,2020-11-25,-42.0,1,1,284,29
New Jersey,2020-11-26,-81.0,1,1,285,29
New Jersey,2020-11-27,-60.0,1,1,286,29
New Jersey,2020-11-28,-16.0,1,1,287,29
New Jersey,2020-11-29,-15.0,1,1,288,29
New Jersey,2020-11-30,-42.0,1,1,289,29
New Jersey,2020-12-01,-40.0,1,1,290,29
New Jersey,2020-12-02,-40.0,1,1,291,29
New Jersey,2020-12-03,-39.0,1,1,292,29
New Jersey,2020-12-04,-38.0,1,1,293,29
New Jersey,2020-12-05,-13.0,1,1,294,29
New Jersey,2020-12-06,-14.0,1,1,295,29
New Jersey,2020-12-07,-40.0,1,1,296,29
New Jersey,2020-12-08,-39.0,1,1,297,29
New Jersey,2020-12-09,-40.0,1,1,298,29
New Jersey,2020-12-10,-39.0,1,1,299,29
New Jersey,2020-12-11,-38.0,1,1,300,29
New Jersey,2020-12-12,-10.0,1,1,301,29
New Jersey,2020-12-13,-13.0,1,1,302,29
New Jersey,2020-12-14,-41.0,1,1,303,29
New Jersey,2020-12-15,-39.0,1,1,304,29
New Jersey,2020-12-16,-45.0,1,1,305,29
New Jersey,2020-12-17,-63.0,1,1,306,29
New Jersey,2020-12-18,-39.0,1,1,307,29
New Jersey,2020-12-19,-10.0,1,1,308,29
New Jersey,2020-12-20,-13.0,1,1,309,29
New Jersey,2020-12-21,-40.0,1,1,310,29
New Jersey,2020-12-22,-41.0,1,1,311,29
New Jersey,2020-12-23,-41.0,1,1,312,29
New Jersey,2020-12-24,-58.0,1,1,313,29
New Jersey,2020-12-25,-84.0,1,1,314,29
New Jersey,2020-12-26,-25.0,1,1,315,29
New Jersey,2020-12-27,-18.0,1,1,316,29
New Jersey,2020-12-28,-47.0,1,1,317,29
New Jersey,2020-12-29,-48.0,1,1,318,29
New Jersey,2020-12-30,-47.0,1,1,319,29
New Jersey,2020-12-31,-54.0,1,1,320,29
New York,2020-02-15,1.0,1,0,0,29
New York,2020-02-16,0.0,1,0,1,29
New York,2020-02-17,-37.0,1,0,2,29
New York,2020-02-18,-10.0,1,0,3,29
New York,2020-02-19,-9.0,1,0,4,29
New York,2020-02-20,-9.0,1,0,5,29
New York,2020-02-21,-9.0,1,0,6,29
New York,2020-02-22,4.0,1,0,7,29
New York,2020-02-23,3.0,1,0,8,29
New York,2020-02-24,4.0,1,0,9,29
New York,2020-02-25,3.0,1,0,10,29
New York,2020-02-26,3.0,1,0,11,29
New York,2020-02-27,0.0,1,0,12,29
New York,2020-02-28,3.0,1,0,13,29
New York,2020-02-29,4.0,1,0,14,29
New York,2020-03-01,3.0,1,0,15,29
New York,2020-03-02,4.0,1,0,16,29
New York,2020-03-03,4.0,1,0,17,29
New York,2020-03-04,3.0,1,0,18,29
New York,2020-03-05,4.0,1,0,19,29
New York,2020-03-06,3.0,1,0,20,29
New York,2020-03-07,6.0,1,0,21,29
New York,2020-03-08,2.0,1,0,22,29
New York,2020-03-09,1.0,1,0,23,29
New York,2020-03-10,-1.0,1,0,24,29
New York,2020-03-11,-1.0,1,0,25,29
New York,2020-03-12,-3.0,1,0,26,29
New York,2020-03-13,-8.0,1,0,27,29
New York,2020-03-14,-2.0,1,0,28,29
New York,2020-03-15,-7.0,1,1,29,29
New York,2020-03-16,-25.0,1,1,30,29
New York,2020-03-17,-32.0,1,1,31,29
New York,2020-03-18,-36.0,1,1,32,29
New York,2020-03-19,-40.0,1,1,33,29
New York,2020-03-20,-43.0,1,1,34,29
New York,2020-03-21,-30.0,1,1,35,29
New York,2020-03-22,-36.0,1,1,36,29
New York,2020-03-23,-57.0,1,1,37,29
New York,2020-03-24,-56.0,1,1,38,29
New York,2020-03-25,-57.0,1,1,39,29
New York,2020-03-26,-57.0,1,1,40,29
New York,2020-03-27,-57.0,1,1,41,29
New York,2020-03-28,-45.0,1,1,42,29
New York,2020-03-29,-46.0,1,1,43,29
New York,2020-03-30,-60.0,1,1,44,29
New York,2020-03-31,-61.0,1,1,45,29
New York,2020-04-01,-61.0,1,1,46,29
New York,2020-04-02,-62.0,1,1,47,29
New York,2020-04-03,-62.0,1,1,48,29
New York,2020-04-04,-47.0,1,1,49,29
New York,2020-04-05,-47.0,1,1,50,29
New York,2020-04-06,-62.0,1,1,51,29
New York,2020-04-07,-63.0,1,1,52,29
New York,2020-04-08,-63.0,1,1,53,29
New York,2020-04-09,-65.0,1,1,54,29
New York,2020-04-10,-66.0,1,1,55,29
New York,2020-04-11,-48.0,1,1,56,29
New York,2020-04-12,-51.0,1,1,57,29
New York,2020-04-13,-64.0,1,1,58,29
New York,2020-04-14,-61.0,1,1,59,29
New York,2020-04-15,-61.0,1,1,60,29
New York,2020-04-16,-61.0,1,1,61,29
New York,2020-04-17,-60.0,1,1,62,29
New York,2020-04-18,-45.0,1,1,63,29
New York,2020-04-19,-43.0,1,1,64,29
New York,2020-04-20,-59.0,1,1,65,29
New York,2020-04-21,-60.0,1,1,66,29
New York,2020-04-22,-59.0,1,1,67,29
New York,2020-04-23,-59.0,1,1,68,29
New York,2020-04-24,-59.0,1,1,69,29
New York,2020-04-25,-41.0,1,1,70,29
New York,2020-04-26,-44.0,1,1,71,29
New York,2020-04-27,-58.0,1,1,72,29
New York,2020-04-28,-57.0,1,1,73,29
New York,2020-04-29,-58.0,1,1,74,29
New York,2020-04-30,-58.0,1,1,75,29
New York,2020-05-01,-56.0,1,1,76,29
New York,2020-05-02,-38.0,1,1,77,29
New York,2020-05-03,-36.0,1,1,78,29
New York,2020-05-04,-55.0,1,1,79,29
New York,2020-05-05,-55.0,1,1,80,29
New York,2020-05-06,-55.0,1,1,81,29
New York,2020-05-07,-55.0,1,1,82,29
New York,2020-05-08,-54.0,1,1,83,29
New York,2020-05-09,-37.0,1,1,84,29
New York,2020-05-10,-33.0,1,1,85,29
New York,2020-05-11,-54.0,1,1,86,29
New York,2020-05-12,-53.0,1,1,87,29
New York,2020-05-13,-53.0,1,1,88,29
New York,2020-05-14,-53.0,1,1,89,29
New York,2020-05-15,-52.0,1,1,90,29
New York,2020-05-16,-33.0,1,1,91,29
New York,2020-05-17,-31.0,1,1,92,29
New York,2020-05-18,-51.0,1,1,93,29
New York,2020-05-19,-51.0,1,1,94,29
New York,2020-05-20,-51.0,1,1,95,29
New York,2020-05-21,-51.0,1,1,96,29
New York,2020-05-22,-50.0,1,1,97,29
New York,2020-05-23,-32.0,1,1,98,29
New York,2020-05-24,-29.0,1,1,99,29
New York,2020-05-25,-73.0,1,1,100,29
New York,2020-05-26,-49.0,1,1,101,29
New York,2020-05-27,-48.0,1,1,102,29
New York,2020-05-28,-49.0,1,1,103,29
New York,2020-05-29,-49.0,1,1,104,29
New York,2020-05-30,-21.0,1,1,105,29
New York,2020-05-31,-21.0,1,1,106,29
New York,2020-06-01,-46.0,1,1,107,29
New York,2020-06-02,-47.0,1,1,108,29
New York,2020-06-03,-47.0,1,1,109,29
New York,2020-06-04,-46.0,1,1,110,29
New York,2020-06-05,-46.0,1,1,111,29
New York,2020-06-06,-21.0,1,1,112,29
New York,2020-06-07,-20.0,1,1,113,29
New York,2020-06-08,-44.0,1,1,114,29
New York,2020-06-09,-44.0,1,1,115,29
New York,2020-06-10,-44.0,1,1,116,29
New York,2020-06-11,-45.0,1,1,117,29
New York,2020-06-12,-43.0,1,1,118,29
New York,2020-06-13,-17.0,1,1,119,29
New York,2020-06-14,-17.0,1,1,120,29
New York,2020-06-15,-43.0,1,1,121,29
New York,2020-06-16,-43.0,1,1,122,29
New York,2020-06-17,-43.0,1,1,123,29
New York,2020-06-18,-43.0,1,1,124,29
New York,2020-06-19,-44.0,1,1,125,29
New York,2020-06-20,-16.0,1,1,126,29
New York,2020-06-21,-15.0,1,1,127,29
New York,2020-06-22,-45.0,1,1,128,29
New York,2020-06-23,-44.0,1,1,129,29
New York,2020-06-24,-42.0,1,1,130,29
New York,2020-06-25,-42.0,1,1,131,29
New York,2020-06-26,-42.0,1,1,132,29
New York,2020-06-27,-19.0,1,1,133,29
New York,2020-06-28,-14.0,1,1,134,29
New York,2020-06-29,-42.0,1,1,135,29
New York,2020-06-30,-42.0,1,1,136,29
New York,2020-07-01,-42.0,1,1,137,29
New York,2020-07-02,-43.0,1,1,138,29
New York,2020-07-03,-58.0,1,1,139,29
New York,2020-07-04,-31.0,1,1,140,29
New York,2020-07-05,-20.0,1,1,141,29
New York,2020-07-06,-46.0,1,1,142,29
New York,2020-07-07,-44.0,1,1,143,29
New York,2020-07-08,-43.0,1,1,144,29
New York,2020-07-09,-42.0,1,1,145,29
New York,2020-07-10,-44.0,1,1,146,29
New York,2020-07-11,-16.0,1,1,147,29
New York,2020-07-12,-16.0,1,1,148,29
New York,2020-07-13,-43.0,1,1,149,29
New York,2020-07-14,-42.0,1,1,150,29
New York,2020-07-15,-41.0,1,1,151,29
New York,2020-07-16,-42.0,1,1,152,29
New York,2020-07-17,-42.0,1,1,153,29
New York,2020-07-18,-16.0,1,1,154,29
New York,2020-07-19,-18.0,1,1,155,29
New York,2020-07-20,-43.0,1,1,156,29
New York,2020-07-21,-42.0,1,1,157,29
New York,2020-07-22,-41.0,1,1,158,29
New York,2020-07-23,-41.0,1,1,159,29
New York,2020-07-24,-41.0,1,1,160,29
New York,2020-07-25,-16.0,1,1,161,29
New York,2020-07-26,-17.0,1,1,162,29
New York,2020-07-27,-43.0,1,1,163,29
New York,2020-07-28,-42.0,1,1,164,29
New York,2020-07-29,-42.0,1,1,165,29
New York,2020-07-30,-43.0,1,1,166,29
New York,2020-07-31,-42.0,1,1,167,29
New York,2020-08-01,-16.0,1,1,168,29
New York,2020-08-02,-19.0,1,1,169,29
New York,2020-08-03,-42.0,1,1,170,29
New York,2020-08-04,-46.0,1,1,171,29
New York,2020-08-05,-42.0,1,1,172,29
New York,2020-08-06,-42.0,1,1,173,29
New York,2020-08-07,-42.0,1,1,174,29
New York,2020-08-08,-16.0,1,1,175,29
New York,2020-08-09,-16.0,1,1,176,29
New York,2020-08-10,-43.0,1,1,177,29
New York,2020-08-11,-42.0,1,1,178,29
New York,2020-08-12,-42.0,1,1,179,29
New York,2020-08-13,-42.0,1,1,180,29
New York,2020-08-14,-41.0,1,1,181,29
New York,2020-08-15,-17.0,1,1,182,29
New York,2020-08-16,-21.0,1,1,183,29
New York,2020-08-17,-43.0,1,1,184,29
New York,2020-08-18,-41.0,1,1,185,29
New York,2020-08-19,-42.0,1,1,186,29
New York,2020-08-20,-41.0,1,1,187,29
New York,2020-08-21,-41.0,1,1,188,29
New York,2020-08-22,-16.0,1,1,189,29
New York,2020-08-23,-17.0,1,1,190,29
New York,2020-08-24,-42.0,1,1,191,29
New York,2020-08-25,-42.0,1,1,192,29
New York,2020-08-26,-40.0,1,1,193,29
New York,2020-08-27,-41.0,1,1,194,29
New York,2020-08-28,-40.0,1,1,195,29
New York,2020-08-29,-18.0,1,1,196,29
New York,2020-08-30,-15.0,1,1,197,29
New York,2020-08-31,-41.0,1,1,198,29
New York,2020-09-01,-41.0,1,1,199,29
New York,2020-09-02,-41.0,1,1,200,29
New York,2020-09-03,-40.0,1,1,201,29
New York,2020-09-04,-41.0,1,1,202,29
New York,2020-09-05,-18.0,1,1,203,29
New York,2020-09-06,-17.0,1,1,204,29
New York,2020-09-07,-70.0,1,1,205,29
New York,2020-09-08,-41.0,1,1,206,29
New York,2020-09-09,-40.0,1,1,207,29
New York,2020-09-10,-41.0,1,1,208,29
New York,2020-09-11,-38.0,1,1,209,29
New York,2020-09-12,-14.0,1,1,210,29
New York,2020-09-13,-16.0,1,1,211,29
New York,2020-09-14,-37.0,1,1,212,29
New York,2020-09-15,-36.0,1,1,213,29
New York,2020-09-16,-37.0,1,1,214,29
New York,2020-09-17,-37.0,1,1,215,29
New York,2020-09-18,-36.0,1,1,216,29
New York,2020-09-19,-15.0,1,1,217,29
New York,2020-09-20,-17.0,1,1,218,29
New York,2020-09-21,-38.0,1,1,219,29
New York,2020-09-22,-37.0,1,1,220,29
New York,2020-09-23,-36.0,1,1,221,29
New York,2020-09-24,-35.0,1,1,222,29
New York,2020-09-25,-34.0,1,1,223,29
New York,2020-09-26,-13.0,1,1,224,29
New York,2020-09-27,-15.0,1,1,225,29
New York,2020-09-28,-41.0,1,1,226,29
New York,2020-09-29,-36.0,1,1,227,29
New York,2020-09-30,-36.0,1,1,228,29
New York,2020-10-01,-34.0,1,1,229,29
New York,2020-10-02,-34.0,1,1,230,29
New York,2020-10-03,-13.0,1,1,231,29
New York,2020-10-04,-17.0,1,1,232,29
New York,2020-10-05,-37.0,1,1,233,29
New York,2020-10-06,-36.0,1,1,234,29
New York,2020-10-07,-36.0,1,1,235,29
New York,2020-10-08,-35.0,1,1,236,29
New York,2020-10-09,-35.0,1,1,237,29
New York,2020-10-10,-13.0,1,1,238,29
New York,2020-10-11,-16.0,1,1,239,29
New York,2020-10-12,-50.0,1,1,240,29
New York,2020-10-13,-36.0,1,1,241,29
New York,2020-10-14,-34.0,1,1,242,29
New York,2020-10-15,-34.0,1,1,243,29
New York,2020-10-16,-35.0,1,1,244,29
New York,2020-10-17,-13.0,1,1,245,29
New York,2020-10-18,-15.0,1,1,246,29
New York,2020-10-19,-35.0,1,1,247,29
New York,2020-10-20,-35.0,1,1,248,29
New York,2020-10-21,-34.0,1,1,249,29
New York,2020-10-22,-33.0,1,1,250,29
New York,2020-10-23,-33.0,1,1,251,29
New York,2020-10-24,-13.0,1,1,252,29
New York,2020-10-25,-15.0,1,1,253,29
New York,2020-10-26,-35.0,1,1,254,29
New York,2020-10-27,-34.0,1,1,255,29
New York,2020-10-28,-34.0,1,1,256,29
New York,2020-10-29,-35.0,1,1,257,29
New York,2020-10-30,-34.0,1,1,258,29
New York,2020-10-31,-13.0,1,1,259,29
New York,2020-11-01,-18.0,1,1,260,29
New York,2020-11-02,-35.0,1,1,261,29
New York,2020-11-03,-39.0,1,1,262,29
New York,2020-11-04,-35.0,1,1,263,29
New York,2020-11-05,-33.0,1,1,264,29
New York,2020-11-06,-32.0,1,1,265,29
New York,2020-11-07,-11.0,1,1,266,29
New York,2020-11-08,-13.0,1,1,267,29
New York,2020-11-09,-34.0,1,1,268,29
New York,2020-11-10,-34.0,1,1,269,29
New York,2020-11-11,-45.0,1,1,270,29
New York,2020-11-12,-35.0,1,1,271,29
New York,2020-11-13,-34.0,1,1,272,29
New York,2020-11-14,-13.0,1,1,273,29
New York,2020-11-15,-17.0,1,1,274,29
New York,2020-11-16,-35.0,1,1,275,29
New York,2020-11-17,-35.0,1,1,276,29
New York,2020-11-18,-35.0,1,1,277,29
New York,2020-11-19,-35.0,1,1,278,29
New York,2020-11-20,-34.0,1,1,279,29
New York,2020-11-21,-13.0,1,1,280,29
New York,2020-11-22,-15.0,1,1,281,29
New York,2020-11-23,-37.0,1,1,282,29
New York,2020-11-24,-37.0,1,1,283,29
New York,2020-11-25,-41.0,1,1,284,29
New York,2020-11-26,-77.0,1,1,285,29
New York,2020-11-27,-58.0,1,1,286,29
New York,2020-11-28,-19.0,1,1,287,29
New York,2020-11-29,-17.0,1,1,288,29
New York,2020-11-30,-40.0,1,1,289,29
New York,2020-12-01,-37.0,1,1,290,29
New York,2020-12-02,-37.0,1,1,291,29
New York,2020-12-03,-36.0,1,1,292,29
New York,2020-12-04,-36.0,1,1,293,29
New York,2020-12-05,-17.0,1,1,294,29
New York,2020-12-06,-16.0,1,1,295,29
New York,2020-12-07,-37.0,1,1,296,29
New York,2020-12-08,-36.0,1,1,297,29
New York,2020-12-09,-37.0,1,1,298,29
New York,2020-12-10,-36.0,1,1,299,29
New York,2020-12-11,-35.0,1,1,300,29
New York,2020-12-12,-15.0,1,1,301,29
New York,2020-12-13,-15.0,1,1,302,29
New York,2020-12-14,-39.0,1,1,303,29
New York,2020-12-15,-37.0,1,1,304,29
New York,2020-12-16,-40.0,1,1,305,29
New York,2020-12-17,-59.0,1,1,306,29
New York,2020-12-18,-39.0,1,1,307,29
New York,2020-12-19,-16.0,1,1,308,29
New York,2020-12-20,-16.0,1,1,309,29
New York,2020-12-21,-38.0,1,1,310,29
New York,2020-12-22,-39.0,1,1,311,29
New York,2020-12-23,-40.0,1,1,312,29
New York,2020-12-24,-55.0,1,1,313,29
New York,2020-12-25,-81.0,1,1,314,29
New York,2020-12-26,-28.0,1,1,315,29
New York,2020-12-27,-20.0,1,1,316,29
New York,2020-12-28,-46.0,1,1,317,29
New York,2020-12-29,-46.0,1,1,318,29
New York,2020-12-30,-45.0,1,1,319,29
New York,2020-12-31,-51.0,1,1,320,29
South Dakota,2020-02-15,-1.0,0,0,0,0
South Dakota,2020-02-16,1.0,0,0,1,0
South Dakota,2020-02-17,-23.0,0,0,2,0
South Dakota,2020-02-18,-1.0,0,0,3,0
South Dakota,2020-02-19,1.0,0,0,4,0
South Dakota,2020-02-20,1.0,0,0,5,0
South Dakota,2020-02-21,5.0,0,0,6,0
South Dakota,2020-02-22,2.0,0,0,7,0
South Dakota,2020-02-23,5.0,0,0,8,0
South Dakota,2020-02-24,4.0,0,0,9,0
South Dakota,2020-02-25,-6.0,0,0,10,0
South Dakota,2020-02-26,2.0,0,0,11,0
South Dakota,2020-02-27,0.0,0,0,12,0
South Dakota,2020-02-28,2.0,0,0,13,0
South Dakota,2020-02-29,1.0,0,0,14,0
South Dakota,2020-03-01,5.0,0,0,15,0
South Dakota,2020-03-02,5.0,0,0,16,0
South Dakota,2020-03-03,2.0,0,0,17,0
South Dakota,2020-03-04,2.0,0,0,18,0
South Dakota,2020-03-05,2.0,0,0,19,0
South Dakota,2020-03-06,5.0,0,0,20,0
South Dakota,2020-03-07,2.0,0,0,21,0
South Dakota,2020-03-08,2.0,0,0,22,0
South Dakota,2020-03-09,2.0,0,0,23,0
South Dakota,2020-03-10,0.0,0,0,24,0
South Dakota,2020-03-11,0.0,0,0,25,0
South Dakota,2020-03-12,-3.0,0,0,26,0
South Dakota,2020-03-13,-1.0,0,0,27,0
South Dakota,2020-03-14,-6.0,0,0,28,0
South Dakota,2020-03-15,-6.0,0,1,29,0
South Dakota,2020-03-16,-15.0,0,1,30,0
South Dakota,2020-03-17,-19.0,0,1,31,0
South Dakota,2020-03-18,-21.0,0,1,32,0
South Dakota,2020-03-19,-25.0,0,1,33,0
South Dakota,2020-03-20,-23.0,0,1,34,0
South Dakota,2020-03-21,-13.0,0,1,35,0
South Dakota,2020-03-22,-18.0,0,1,36,0
South Dakota,2020-03-23,-23.0,0,1,37,0
South Dakota,2020-03-24,-27.0,0,1,38,0
South Dakota,2020-03-25,-30.0,0,1,39,0
South Dakota,2020-03-26,-31.0,0,1,40,0
South Dakota,2020-03-27,-29.0,0,1,41,0
South Dakota,2020-03-28,-22.0,0,1,42,0
South Dakota,2020-03-29,-25.0,0,1,43,0
South Dakota,2020-03-30,-30.0,0,1,44,0
South Dakota,2020-03-31,-33.0,0,1,45,0
South Dakota,2020-04-01,-34.0,0,1,46,0
South Dakota,2020-04-02,-39.0,0,1,47,0
South Dakota,2020-04-03,-35.0,0,1,48,0
South Dakota,2020-04-04,-27.0,0,1,49,0
South Dakota,2020-04-05,-29.0,0,1,50,0
South Dakota,2020-04-06,-33.0,0,1,51,0
South Dakota,2020-04-07,-36.0,0,1,52,0
South Dakota,2020-04-08,-37.0,0,1,53,0
South Dakota,2020-04-09,-38.0,0,1,54,0
South Dakota,2020-04-10,-42.0,0,1,55,0
South Dakota,2020-04-11,-31.0,0,1,56,0
South Dakota,2020-04-12,-44.0,0,1,57,0
South Dakota,2020-04-13,-39.0,0,1,58,0
South Dakota,2020-04-14,-37.0,0,1,59,0
South Dakota,2020-04-15,-37.0,0,1,60,0
South Dakota,2020-04-16,-37.0,0,1,61,0
South Dakota,2020-04-17,-35.0,0,1,62,0
South Dakota,2020-04-18,-26.0,0,1,63,0
South Dakota,2020-04-19,-28.0,0,1,64,0
South Dakota,2020-04-20,-35.0,0,1,65,0
South Dakota,2020-04-21,-38.0,0,1,66,0
South Dakota,2020-04-22,-38.0,0,1,67,0
South Dakota,2020-04-23,-38.0,0,1,68,0
South Dakota,2020-04-24,-35.0,0,1,69,0
South Dakota,2020-04-25,-25.0,0,1,70,0
South Dakota,2020-04-26,-25.0,0,1,71,0
South Dakota,2020-04-27,-34.0,0,1,72,0
South Dakota,2020-04-28,-36.0,0,1,73,0
South Dakota,2020-04-29,-36.0,0,1,74,0
South Dakota,2020-04-30,-36.0,0,1,75,0
South Dakota,2020-05-01,-34.0,0,1,76,0
South Dakota,2020-05-02,-21.0,0,1,77,0
South Dakota,2020-05-03,-20.0,0,1,78,0
South Dakota,2020-05-04,-32.0,0,1,79,0
South Dakota,2020-05-05,-33.0,0,1,80,0
South Dakota,2020-05-06,-33.0,0,1,81,0
South Dakota,2020-05-07,-33.0,0,1,82,0
South Dakota,2020-05-08,-31.0,0,1,83,0
South Dakota,2020-05-09,-19.0,0,1,84,0
South Dakota,2020-05-10,-16.0,0,1,85,0
South Dakota,2020-05-11,-29.0,0,1,86,0
South Dakota,2020-05-12,-31.0,0,1,87,0
South Dakota,2020-05-13,-31.0,0,1,88,0
South Dakota,2020-05-14,-31.0,0,1,89,0
South Dakota,2020-05-15,-30.0,0,1,90,0
South Dakota,2020-05-16,-16.0,0,1,91,0
South Dakota,2020-05-17,-13.0,0,1,92,0
South Dakota,2020-05-18,-27.0,0,1,93,0
South Dakota,2020-05-19,-30.0,0,1,94,0
South Dakota,2020-05-20,-30.0,0,1,95,0
South Dakota,2020-05-21,-31.0,0,1,96,0
South Dakota,2020-05-22,-31.0,0,1,97,0
South Dakota,2020-05-23,-16.0,0,1,98,0
South Dakota,2020-05-24,-16.0,0,1,99,0
South Dakota,2020-05-25,-73.0,0,1,100,0
South Dakota,2020-05-26,-29.0,0,1,101,0
South Dakota,2020-05-27,-28.0,0,1,102,0
South Dakota,2020-05-28,-28.0,0,1,103,0
South Dakota,2020-05-29,-26.0,0,1,104,0
South Dakota,2020-05-30,-5.0,0,1,105,0
South Dakota,2020-05-31,-5.0,0,1,106,0
South Dakota,2020-06-01,-24.0,0,1,107,0
South Dakota,2020-06-02,-26.0,0,1,108,0
South Dakota,2020-06-03,-26.0,0,1,109,0
South Dakota,2020-06-04,-27.0,0,1,110,0
South Dakota,2020-06-05,-25.0,0,1,111,0
South Dakota,2020-06-06,-7.0,0,1,112,0
South Dakota,2020-06-07,-6.0,0,1,113,0
South Dakota,2020-06-08,-23.0,0,1,114,0
South Dakota,2020-06-09,-25.0,0,1,115,0
South Dakota,2020-06-10,-24.0,0,1,116,0
South Dakota,2020-06-11,-25.0,0,1,117,0
South Dakota,2020-06-12,-25.0,0,1,118,0
South Dakota,2020-06-13,-4.0,0,1,119,0
South Dakota,2020-06-14,-3.0,0,1,120,0
South Dakota,2020-06-15,-23.0,0,1,121,0
South Dakota,2020-06-16,-25.0,0,1,122,0
South Dakota,2020-06-17,-25.0,0,1,123,0
South Dakota,2020-06-18,-26.0,0,1,124,0
South Dakota,2020-06-19,-24.0,0,1,125,0
South Dakota,2020-06-20,-5.0,0,1,126,0
South Dakota,2020-06-21,-3.0,0,1,127,0
South Dakota,2020-06-22,-25.0,0,1,128,0
South Dakota,2020-06-23,-26.0,0,1,129,0
South Dakota,2020-06-24,-25.0,0,1,130,0
South Dakota,2020-06-25,-26.0,0,1,131,0
South Dakota,2020-06-26,-24.0,0,1,132,0
South Dakota,2020-06-27,-7.0,0,1,133,0
South Dakota,2020-06-28,-2.0,0,1,134,0
South Dakota,2020-06-29,-24.0,0,1,135,0
South Dakota,2020-06-30,-26.0,0,1,136,0
South Dakota,2020-07-01,-26.0,0,1,137,0
South Dakota,2020-07-02,-31.0,0,1,138,0
South Dakota,2020-07-03,-54.0,0,1,139,0
South Dakota,2020-07-04,-27.0,0,1,140,0
South Dakota,2020-07-05,-9.0,0,1,141,0
South Dakota,2020-07-06,-29.0,0,1,142,0
South Dakota,2020-07-07,-27.0,0,1,143,0
South Dakota,2020-07-08,-26.0,0,1,144,0
South Dakota,2020-07-09,-26.0,0,1,145,0
South Dakota,2020-07-10,-24.0,0,1,146,0
South Dakota,2020-07-11,-6.0,0,1,147,0
South Dakota,2020-07-12,-2.0,0,1,148,0
South Dakota,2020-07-13,-24.0,0,1,149,0
South Dakota,2020-07-14,-26.0,0,1,150,0
South Dakota,2020-07-15,-25.0,0,1,151,0
South Dakota,2020-07-16,-26.0,0,1,152,0
South Dakota,2020-07-17,-25.0,0,1,153,0
South Dakota,2020-07-18,-6.0,0,1,154,0
South Dakota,2020-07-19,-3.0,0,1,155,0
South Dakota,2020-07-20,-24.0,0,1,156,0
South Dakota,2020-07-21,-26.0,0,1,157,0
South Dakota,2020-07-22,-25.0,0,1,158,0
South Dakota,2020-07-23,-26.0,0,1,159,0
South Dakota,2020-07-24,-25.0,0,1,160,0
South Dakota,2020-07-25,-6.0,0,1,161,0
South Dakota,2020-07-26,-4.0,0,1,162,0
South Dakota,2020-07-27,-24.0,0,1,163,0
South Dakota,2020-07-28,-25.0,0,1,164,0
South Dakota,2020-07-29,-26.0,0,1,165,0
South Dakota,2020-07-30,-26.0,0,1,166,0
South Dakota,2020-07-31,-25.0,0,1,167,0
South Dakota,2020-08-01,-7.0,0,1,168,0
South Dakota,2020-08-02,-2.0,0,1,169,0
South Dakota,2020-08-03,-24.0,0,1,170,0
South Dakota,2020-08-04,-25.0,0,1,171,0
South Dakota,2020-08-05,-25.0,0,1,172,0
South Dakota,2020-08-06,-26.0,0,1,173,0
South Dakota,2020-08-07,-25.0,0,1,174,0
South Dakota,2020-08-08,-7.0,0,1,175,0
South Dakota,2020-08-09,-2.0,0,1,176,0
South Dakota,2020-08-10,-25.0,0,1,177,0
South Dakota,2020-08-11,-26.0,0,1,178,0
South Dakota,2020-08-12,-26.0,0,1,179,0
South Dakota,2020-08-13,-27.0,0,1,180,0
South Dakota,2020-08-14,-26.0,0,1,181,0
South Dakota,2020-08-15,-7.0,0,1,182,0
South Dakota,2020-08-16,-3.0,0,1,183,0
South Dakota,2020-08-17,-25.0,0,1,184,0
South Dakota,2020-08-18,-25.0,0,1,185,0
South Dakota,2020-08-19,-25.0,0,1,186,0
South Dakota,2020-08-20,-25.0,0,1,187,0
South Dakota,2020-08-21,-23.0,0,1,188,0
South Dakota,2020-08-22,-6.0,0,1,189,0
South Dakota,2020-08-23,-4.0,0,1,190,0
South Dakota,2020-08-24,-23.0,0,1,191,0
South Dakota,2020-08-25,-25.0,0,1,192,0
South Dakota,2020-08-26,-23.0,0,1,193,0
South Dakota,2020-08-27,-24.0,0,1,194,0
South Dakota,2020-08-28,-21.0,0,1,195,0
South Dakota,2020-08-29,-7.0,0,1,196,0
South Dakota,2020-08-30,-3.0,0,1,197,0
South Dakota,2020-08-31,-21.0,0,1,198,0
South Dakota,2020-09-01,-23.0,0,1,199,0
South Dakota,2020-09-02,-24.0,0,1,200,0
South Dakota,2020-09-03,-24.0,0,1,201,0
South Dakota,2020-09-04,-26.0,0,1,202,0
South Dakota,2020-09-05,-15.0,0,1,203,0
South Dakota,2020-09-06,-9.0,0,1,204,0
South Dakota,2020-09-07,-70.0,0,1,205,0
South Dakota,2020-09-08,-25.0,0,1,206,0
South Dakota,2020-09-09,-22.0,0,1,207,0
South Dakota,2020-09-10,-22.0,0,1,208,0
South Dakota,2020-09-11,-20.0,0,1,209,0
South Dakota,2020-09-12,-8.0,0,1,210,0
South Dakota,2020-09-13,-4.0,0,1,211,0
South Dakota,2020-09-14,-17.0,0,1,212,0
South Dakota,2020-09-15,-20.0,0,1,213,0
South Dakota,2020-09-16,-21.0,0,1,214,0
South Dakota,2020-09-17,-20.0,0,1,215,0
South Dakota,2020-09-18,-18.0,0,1,216,0
South Dakota,2020-09-19,-9.0,0,1,217,0
South Dakota,2020-09-20,-5.0,0,1,218,0
South Dakota,2020-09-21,-18.0,0,1,219,0
South Dakota,2020-09-22,-20.0,0,1,220,0
South Dakota,2020-09-23,-19.0,0,1,221,0
South Dakota,2020-09-24,-19.0,0,1,222,0
South Dakota,2020-09-25,-17.0,0,1,223,0
South Dakota,2020-09-26,-6.0,0,1,224,0
South Dakota,2020-09-27,-4.0,0,1,225,0
South Dakota,2020-09-28,-15.0,0,1,226,0
South Dakota,2020-09-29,-18.0,0,1,227,0
South Dakota,2020-09-30,-20.0,0,1,228,0
South Dakota,2020-10-01,-19.0,0,1,229,0
South Dakota,2020-10-02,-17.0,0,1,230,0
South Dakota,2020-10-03,-7.0,0,1,231,0
South Dakota,2020-10-04,-6.0,0,1,232,0
South Dakota,2020-10-05,-17.0,0,1,233,0
South Dakota,2020-10-06,-19.0,0,1,234,0
South Dakota,2020-10-07,-19.0,0,1,235,0
South Dakota,2020-10-08,-19.0,0,1,236,0
South Dakota,2020-10-09,-18.0,0,1,237,0
South Dakota,2020-10-10,-6.0,0,1,238,0
South Dakota,2020-10-11,-6.0,0,1,239,0
South Dakota,2020-10-12,-30.0,0,1,240,0
South Dakota,2020-10-13,-19.0,0,1,241,0
South Dakota,2020-10-14,-19.0,0,1,242,0
South Dakota,2020-10-15,-18.0,0,1,243,0
South Dakota,2020-10-16,-15.0,0,1,244,0
South Dakota,2020-10-17,-9.0,0,1,245,0
South Dakota,2020-10-18,-7.0,0,1,246,0
South Dakota,2020-10-19,-16.0,0,1,247,0
South Dakota,2020-10-20,-19.0,0,1,248,0
South Dakota,2020-10-21,-18.0,0,1,249,0
South Dakota,2020-10-22,-20.0,0,1,250,0
South Dakota,2020-10-23,-16.0,0,1,251,0
South Dakota,2020-10-24,-10.0,0,1,252,0
South Dakota,2020-10-25,-14.0,0,1,253,0
South Dakota,2020-10-26,-16.0,0,1,254,0
South Dakota,2020-10-27,-18.0,0,1,255,0
South Dakota,2020-10-28,-18.0,0,1,256,0
South Dakota,2020-10-29,-18.0,0,1,257,0
South Dakota,2020-10-30,-16.0,0,1,258,0
South Dakota,2020-10-31,-8.0,0,1,259,0
South Dakota,2020-11-01,-7.0,0,1,260,0
South Dakota,2020-11-02,-16.0,0,1,261,0
South Dakota,2020-11-03,-20.0,0,1,262,0
South Dakota,2020-11-04,-20.0,0,1,263,0
South Dakota,2020-11-05,-19.0,0,1,264,0
South Dakota,2020-11-06,-17.0,0,1,265,0
South Dakota,2020-11-07,-7.0,0,1,266,0
South Dakota,2020-11-08,-7.0,0,1,267,0
South Dakota,2020-11-09,-17.0,0,1,268,0
South Dakota,2020-11-10,-21.0,0,1,269,0
South Dakota,2020-11-11,-31.0,0,1,270,0
South Dakota,2020-11-12,-20.0,0,1,271,0
South Dakota,2020-11-13,-18.0,0,1,272,0
South Dakota,2020-11-14,-9.0,0,1,273,0
South Dakota,2020-11-15,-8.0,0,1,274,0
South Dakota,2020-11-16,-16.0,0,1,275,0
South Dakota,2020-11-17,-20.0,0,1,276,0
South Dakota,2020-11-18,-21.0,0,1,277,0
South Dakota,2020-11-19,-20.0,0,1,278,0
South Dakota,2020-11-20,-17.0,0,1,279,0
South Dakota,2020-11-21,-8.0,0,1,280,0
South Dakota,2020-11-22,-6.0,0,1,281,0
South Dakota,2020-11-23,-18.0,0,1,282,0
South Dakota,2020-11-24,-21.0,0,1,283,0
South Dakota,2020-11-25,-32.0,0,1,284,0
South Dakota,2020-11-26,-82.0,0,1,285,0
South Dakota,2020-11-27,-53.0,0,1,286,0
South Dakota,2020-11-28,-13.0,0,1,287,0
South Dakota,2020-11-29,-10.0,0,1,288,0
South Dakota,2020-11-30,-15.0,0,1,289,0
South Dakota,2020-12-01,-19.0,0,1,290,0
South Dakota,2020-12-02,-18.0,0,1,291,0
South Dakota,2020-12-03,-17.0,0,1,292,0
South Dakota,2020-12-04,-14.0,0,1,293,0
South Dakota,2020-12-05,-3.0,0,1,294,0
South Dakota,2020-12-06,-4.0,0,1,295,0
South Dakota,2020-12-07,-15.0,0,1,296,0
South Dakota,2020-12-08,-17.0,0,1,297,0
South Dakota,2020-12-09,-18.0,0,1,298,0
South Dakota,2020-12-10,-17.0,0,1,299,0
South Dakota,2020-12-11,-14.0,0,1,300,0
South Dakota,2020-12-12,-5.0,0,1,301,0
South Dakota,2020-12-13,-6.0,0,1,302,0
South Dakota,2020-12-14,-14.0,0,1,303,0
South Dakota,2020-12-15,-17.0,0,1,304,0
South Dakota,2020-12-16,-17.0,0,1,305,0
South Dakota,2020-12-17,-16.0,0,1,306,0
South Dakota,2020-12-18,-13.0,0,1,307,0
South Dakota,2020-12-19,-4.0,0,1,308,0
South Dakota,2020-12-20,-2.0,0,1,309,0
South Dakota,2020-12-21,-18.0,0,1,310,0
South Dakota,2020-12-22,-22.0,0,1,311,0
South Dakota,2020-12-23,-40.0,0,1,312,0
South Dakota,2020-12-24,-57.0,0,1,313,0
South Dakota,2020-12-25,-83.0,0,1,314,0
South Dakota,2020-12-26,-22.0,0,1,315,0
South Dakota,2020-12-27,-9.0,0,1,316,0
South Dakota,2020-12-28,-29.0,0,1,317,0
South Dakota,2020-12-29,-36.0,0,1,318,0
South Dakota,2020-12-30,-32.0,0,1,319,0
South Dakota,2020-12-31,-37.0,0,1,320,0
Texas,2020-02-15,1.0,0,0,0,0
Texas,2020-02-16,1.0,0,0,1,0
Texas,2020-02-17,-18.0,0,0,2,0
Texas,2020-02-18,1.0,0,0,3,0
Texas,2020-02-19,3.0,0,0,4,0
Texas,2020-02-20,1.0,0,0,5,0
Texas,2020-02-21,3.0,0,0,6,0
Texas,2020-02-22,4.0,0,0,7,0
Texas,2020-02-23,1.0,0,0,8,0
Texas,2020-02-24,3.0,0,0,9,0
Texas,2020-02-25,3.0,0,0,10,0
Texas,2020-02-26,4.0,0,0,11,0
Texas,2020-02-27,2.0,0,0,12,0
Texas,2020-02-28,1.0,0,0,13,0
Texas,2020-02-29,3.0,0,0,14,0
Texas,2020-03-01,2.0,0,0,15,0
Texas,2020-03-02,4.0,0,0,16,0
Texas,2020-03-03,3.0,0,0,17,0
Texas,2020-03-04,2.0,0,0,18,0
Texas,2020-03-05,3.0,0,0,19,0
Texas,2020-03-06,3.0,0,0,20,0
Texas,2020-03-07,3.0,0,0,21,0
Texas,2020-03-08,0.0,0,0,22,0
Texas,2020-03-09,-9.0,0,0,23,0
Texas,2020-03-10,-10.0,0,0,24,0
Texas,2020-03-11,-9.0,0,0,25,0
Texas,2020-03-12,-11.0,0,0,26,0
Texas,2020-03-13,-15.0,0,0,27,0
Texas,2020-03-14,-3.0,0,0,28,0
Texas,2020-03-15,-7.0,0,1,29,0
Texas,2020-03-16,-22.0,0,1,30,0
Texas,2020-03-17,-26.0,0,1,31,0
Texas,2020-03-18,-29.0,0,1,32,0
Texas,2020-03-19,-32.0,0,1,33,0
Texas,2020-03-20,-34.0,0,1,34,0
Texas,2020-03-21,-22.0,0,1,35,0
Texas,2020-03-22,-29.0,0,1,36,0
Texas,2020-03-23,-36.0,0,1,37,0
Texas,2020-03-24,-40.0,0,1,38,0
Texas,2020-03-25,-44.0,0,1,39,0
Texas,2020-03-26,-45.0,0,1,40,0
Texas,2020-03-27,-45.0,0,1,41,0
Texas,2020-03-28,-32.0,0,1,42,0
Texas,2020-03-29,-36.0,0,1,43,0
Texas,2020-03-30,-46.0,0,1,44,0
Texas,2020-03-31,-47.0,0,1,45,0
Texas,2020-04-01,-47.0,0,1,46,0
Texas,2020-04-02,-48.0,0,1,47,0
Texas,2020-04-03,-48.0,0,1,48,0
Texas,2020-04-04,-37.0,0,1,49,0
Texas,2020-04-05,-39.0,0,1,50,0
Texas,2020-04-06,-47.0,0,1,51,0
Texas,2020-04-07,-49.0,0,1,52,0
Texas,2020-04-08,-48.0,0,1,53,0
Texas,2020-04-09,-50.0,0,1,54,0
Texas,2020-04-10,-56.0,0,1,55,0
Texas,2020-04-11,-38.0,0,1,56,0
Texas,2020-04-12,-43.0,0,1,57,0
Texas,2020-04-13,-47.0,0,1,58,0
Texas,2020-04-14,-47.0,0,1,59,0
Texas,2020-04-15,-46.0,0,1,60,0
Texas,2020-04-16,-47.0,0,1,61,0
Texas,2020-04-17,-46.0,0,1,62,0
Texas,2020-04-18,-31.0,0,1,63,0
Texas,2020-04-19,-36.0,0,1,64,0
Texas,2020-04-20,-45.0,0,1,65,0
Texas,2020-04-21,-47.0,0,1,66,0
Texas,2020-04-22,-46.0,0,1,67,0
Texas,2020-04-23,-46.0,0,1,68,0
Texas,2020-04-24,-45.0,0,1,69,0
Texas,2020-04-25,-30.0,0,1,70,0
Texas,2020-04-26,-34.0,0,1,71,0
Texas,2020-04-27,-44.0,0,1,72,0
Texas,2020-04-28,-46.0,0,1,73,0
Texas,2020-04-29,-45.0,0,1,74,0
Texas,2020-04-30,-45.0,0,1,75,0
Texas,2020-05-01,-43.0,0,1,76,0
Texas,2020-05-02,-26.0,0,1,77,0
Texas,2020-05-03,-28.0,0,1,78,0
Texas,2020-05-04,-41.0,0,1,79,0
Texas,2020-05-05,-42.0,0,1,80,0
Texas,2020-05-06,-41.0,0,1,81,0
Texas,2020-05-07,-42.0,0,1,82,0
Texas,2020-05-08,-40.0,0,1,83,0
Texas,2020-05-09,-22.0,0,1,84,0
Texas,2020-05-10,-22.0,0,1,85,0
Texas,2020-05-11,-40.0,0,1,86,0
Texas,2020-05-12,-41.0,0,1,87,0
Texas,2020-05-13,-39.0,0,1,88,0
Texas,2020-05-14,-40.0,0,1,89,0
Texas,2020-05-15,-39.0,0,1,90,0
Texas,2020-05-16,-24.0,0,1,91,0
Texas,2020-05-17,-21.0,0,1,92,0
Texas,2020-05-18,-37.0,0,1,93,0
Texas,2020-05-19,-38.0,0,1,94,0
Texas,2020-05-20,-38.0,0,1,95,0
Texas,2020-05-21,-39.0,0,1,96,0
Texas,2020-05-22,-38.0,0,1,97,0
Texas,2020-05-23,-18.0,0,1,98,0
Texas,2020-05-24,-21.0,0,1,99,0
Texas,2020-05-25,-69.0,0,1,100,0
Texas,2020-05-26,-37.0,0,1,101,0
Texas,2020-05-27,-36.0,0,1,102,0
Texas,2020-05-28,-37.0,0,1,103,0
Texas,2020-05-29,-35.0,0,1,104,0
Texas,2020-05-30,-10.0,0,1,105,0
Texas,2020-05-31,-13.0,0,1,106,0
Texas,2020-06-01,-35.0,0,1,107,0
Texas,2020-06-02,-36.0,0,1,108,0
Texas,2020-06-03,-35.0,0,1,109,0
Texas,2020-06-04,-36.0,0,1,110,0
Texas,2020-06-05,-35.0,0,1,111,0
Texas,2020-06-06,-13.0,0,1,112,0
Texas,2020-06-07,-15.0,0,1,113,0
Texas,2020-06-08,-35.0,0,1,114,0
Texas,2020-06-09,-36.0,0,1,115,0
Texas,2020-06-10,-34.0,0,1,116,0
Texas,2020-06-11,-36.0,0,1,117,0
Texas,2020-06-12,-35.0,0,1,118,0
Texas,2020-06-13,-11.0,0,1,119,0
Texas,2020-06-14,-13.0,0,1,120,0
Texas,2020-06-15,-35.0,0,1,121,0
Texas,2020-06-16,-36.0,0,1,122,0
Texas,2020-06-17,-35.0,0,1,123,0
Texas,2020-06-18,-37.0,0,1,124,0
Texas,2020-06-19,-37.0,0,1,125,0
Texas,2020-06-20,-13.0,0,1,126,0
Texas,2020-06-21,-13.0,0,1,127,0
Texas,2020-06-22,-39.0,0,1,128,0
Texas,2020-06-23,-40.0,0,1,129,0
Texas,2020-06-24,-37.0,0,1,130,0
Texas,2020-06-25,-39.0,0,1,131,0
Texas,2020-06-26,-38.0,0,1,132,0
Texas,2020-06-27,-15.0,0,1,133,0
Texas,2020-06-28,-14.0,0,1,134,0
Texas,2020-06-29,-38.0,0,1,135,0
Texas,2020-06-30,-40.0,0,1,136,0
Texas,2020-07-01,-39.0,0,1,137,0
Texas,2020-07-02,-42.0,0,1,138,0
Texas,2020-07-03,-56.0,0,1,139,0
Texas,2020-07-04,-30.0,0,1,140,0
Texas,2020-07-05,-22.0,0,1,141,0
Texas,2020-07-06,-43.0,0,1,142,0
Texas,2020-07-07,-42.0,0,1,143,0
Texas,2020-07-08,-40.0,0,1,144,0
Texas,2020-07-09,-41.0,0,1,145,0
Texas,2020-07-10,-40.0,0,1,146,0
Texas,2020-07-11,-16.0,0,1,147,0
Texas,2020-07-12,-18.0,0,1,148,0
Texas,2020-07-13,-41.0,0,1,149,0
Texas,2020-07-14,-42.0,0,1,150,0
Texas,2020-07-15,-40.0,0,1,151,0
Texas,2020-07-16,-41.0,0,1,152,0
Texas,2020-07-17,-40.0,0,1,153,0
Texas,2020-07-18,-16.0,0,1,154,0
Texas,2020-07-19,-19.0,0,1,155,0
Texas,2020-07-20,-41.0,0,1,156,0
Texas,2020-07-21,-42.0,0,1,157,0
Texas,2020-07-22,-39.0,0,1,158,0
Texas,2020-07-23,-40.0,0,1,159,0
Texas,2020-07-24,-39.0,0,1,160,0
Texas,2020-07-25,-20.0,0,1,161,0
Texas,2020-07-26,-21.0,0,1,162,0
Texas,2020-07-27,-41.0,0,1,163,0
Texas,2020-07-28,-41.0,0,1,164,0
Texas,2020-07-29,-40.0,0,1,165,0
Texas,2020-07-30,-41.0,0,1,166,0
Texas,2020-07-31,-40.0,0,1,167,0
Texas,2020-08-01,-17.0,0,1,168,0
Texas,2020-08-02,-18.0,0,1,169,0
Texas,2020-08-03,-40.0,0,1,170,0
Texas,2020-08-04,-40.0,0,1,171,0
Texas,2020-08-05,-39.0,0,1,172,0
Texas,2020-08-06,-40.0,0,1,173,0
Texas,2020-08-07,-39.0,0,1,174,0
Texas,2020-08-08,-16.0,0,1,175,0
Texas,2020-08-09,-17.0,0,1,176,0
Texas,2020-08-10,-40.0,0,1,177,0
Texas,2020-08-11,-40.0,0,1,178,0
Texas,2020-08-12,-39.0,0,1,179,0
Texas,2020-08-13,-40.0,0,1,180,0
Texas,2020-08-14,-39.0,0,1,181,0
Texas,2020-08-15,-17.0,0,1,182,0
Texas,2020-08-16,-18.0,0,1,183,0
Texas,2020-08-17,-40.0,0,1,184,0
Texas,2020-08-18,-39.0,0,1,185,0
Texas,2020-08-19,-37.0,0,1,186,0
Texas,2020-08-20,-39.0,0,1,187,0
Texas,2020-08-21,-37.0,0,1,188,0
Texas,2020-08-22,-16.0,0,1,189,0
Texas,2020-08-23,-16.0,0,1,190,0
Texas,2020-08-24,-37.0,0,1,191,0
Texas,2020-08-25,-39.0,0,1,192,0
Texas,2020-08-26,-40.0,0,1,193,0
Texas,2020-08-27,-42.0,0,1,194,0
Texas,2020-08-28,-36.0,0,1,195,0
Texas,2020-08-29,-15.0,0,1,196,0
Texas,2020-08-30,-17.0,0,1,197,0
Texas,2020-08-31,-37.0,0,1,198,0
Texas,2020-09-01,-38.0,0,1,199,0
Texas,2020-09-02,-36.0,0,1,200,0
Texas,2020-09-03,-37.0,0,1,201,0
Texas,2020-09-04,-37.0,0,1,202,0
Texas,2020-09-05,-20.0,0,1,203,0
Texas,2020-09-06,-19.0,0,1,204,0
Texas,2020-09-07,-70.0,0,1,205,0
Texas,2020-09-08,-39.0,0,1,206,0
Texas,2020-09-09,-36.0,0,1,207,0
Texas,2020-09-10,-37.0,0,1,208,0
Texas,2020-09-11,-34.0,0,1,209,0
Texas,2020-09-12,-14.0,0,1,210,0
Texas,2020-09-13,-16.0,0,1,211,0
Texas,2020-09-14,-33.0,0,1,212,0
Texas,2020-09-15,-34.0,0,1,213,0
Texas,2020-09-16,-33.0,0,1,214,0
Texas,2020-09-17,-34.0,0,1,215,0
Texas,2020-09-18,-32.0,0,1,216,0
Texas,2020-09-19,-14.0,0,1,217,0
Texas,2020-09-20,-16.0,0,1,218,0
Texas,2020-09-21,-36.0,0,1,219,0
Texas,2020-09-22,-39.0,0,1,220,0
Texas,2020-09-23,-33.0,0,1,221,0
Texas,2020-09-24,-33.0,0,1,222,0
Texas,2020-09-25,-31.0,0,1,223,0
Texas,2020-09-26,-12.0,0,1,224,0
Texas,2020-09-27,-14.0,0,1,225,0
Texas,2020-09-28,-32.0,0,1,226,0
Texas,2020-09-29,-32.0,0,1,227,0
Texas,2020-09-30,-32.0,0,1,228,0
Texas,2020-10-01,-31.0,0,1,229,0
Texas,2020-10-02,-30.0,0,1,230,0
Texas,2020-10-03,-14.0,0,1,231,0
Texas,2020-10-04,-16.0,0,1,232,0
Texas,2020-10-05,-33.0,0,1,233,0
Texas,2020-10-06,-33.0,0,1,234,0
Texas,2020-10-07,-31.0,0,1,235,0
Texas,2020-10-08,-32.0,0,1,236,0
Texas,2020-10-09,-32.0,0,1,237,0
Texas,2020-10-10,-13.0,0,1,238,0
Texas,2020-10-11,-15.0,0,1,239,0
Texas,2020-10-12,-38.0,0,1,240,0
Texas,2020-10-13,-33.0,0,1,241,0
Texas,2020-10-14,-30.0,0,1,242,0
Texas,2020-10-15,-31.0,0,1,243,0
Texas,2020-10-16,-30.0,0,1,244,0
Texas,2020-10-17,-14.0,0,1,245,0
Texas,2020-10-18,-16.0,0,1,246,0
Texas,2020-10-19,-31.0,0,1,247,0
Texas,2020-10-20,-32.0,0,1,248,0
Texas,2020-10-21,-29.0,0,1,249,0
Texas,2020-10-22,-31.0,0,1,250,0
Texas,2020-10-23,-30.0,0,1,251,0
Texas,2020-10-24,-13.0,0,1,252,0
Texas,2020-10-25,-15.0,0,1,253,0
Texas,2020-10-26,-31.0,0,1,254,0
Texas,2020-10-27,-34.0,0,1,255,0
Texas,2020-10-28,-31.0,0,1,256,0
Texas,2020-10-29,-31.0,0,1,257,0
Texas,2020-10-30,-29.0,0,1,258,0
Texas,2020-10-31,-12.0,0,1,259,0
Texas,2020-11-01,-15.0,0,1,260,0
Texas,2020-11-02,-30.0,0,1,261,0
Texas,2020-11-03,-33.0,0,1,262,0
Texas,2020-11-04,-29.0,0,1,263,0
Texas,2020-11-05,-30.0,0,1,264,0
Texas,2020-11-06,-29.0,0,1,265,0
Texas,2020-11-07,-12.0,0,1,266,0
Texas,2020-11-08,-15.0,0,1,267,0
Texas,2020-11-09,-30.0,0,1,268,0
Texas,2020-11-10,-31.0,0,1,269,0
Texas,2020-11-11,-33.0,0,1,270,0
Texas,2020-11-12,-31.0,0,1,271,0
Texas,2020-11-13,-29.0,0,1,272,0
Texas,2020-11-14,-13.0,0,1,273,0
Texas,2020-11-15,-15.0,0,1,274,0
Texas,2020-11-16,-30.0,0,1,275,0
Texas,2020-11-17,-31.0,0,1,276,0
Texas,2020-11-18,-29.0,0,1,277,0
Texas,2020-11-19,-31.0,0,1,278,0
Texas,2020-11-20,-29.0,0,1,279,0
Texas,2020-11-21,-12.0,0,1,280,0
Texas,2020-11-22,-13.0,0,1,281,0
Texas,2020-11-23,-39.0,0,1,282,0
Texas,2020-11-24,-40.0,0,1,283,0
Texas,2020-11-25,-42.0,0,1,284,0
Texas,2020-11-26,-81.0,0,1,285,0
Texas,2020-11-27,-62.0,0,1,286,0
Texas,2020-11-28,-23.0,0,1,287,0
Texas,2020-11-29,-17.0,0,1,288,0
Texas,2020-11-30,-31.0,0,1,289,0
Texas,2020-12-01,-31.0,0,1,290,0
Texas,2020-12-02,-29.0,0,1,291,0
Texas,2020-12-03,-30.0,0,1,292,0
Texas,2020-12-04,-28.0,0,1,293,0
Texas,2020-12-05,-11.0,0,1,294,0
Texas,2020-12-06,-12.0,0,1,295,0
Texas,2020-12-07,-30.0,0,1,296,0
Texas,2020-12-08,-30.0,0,1,297,0
Texas,2020-12-09,-28.0,0,1,298,0
Texas,2020-12-10,-30.0,0,1,299,0
Texas,2020-12-11,-29.0,0,1,300,0
Texas,2020-12-12,-10.0,0,1,301,0
Texas,2020-12-13,-16.0,0,1,302,0
Texas,2020-12-14,-30.0,0,1,303,0
Texas,2020-12-15,-32.0,0,1,304,0
Texas,2020-12-16,-29.0,0,1,305,0
Texas,2020-12-17,-31.0,0,1,306,0
Texas,2020-12-18,-30.0,0,1,307,0
Texas,2020-12-19,-12.0,0,1,308,0
Texas,2020-12-20,-11.0,0,1,309,0
Texas,2020-12-21,-40.0,0,1,310,0
Texas,2020-12-22,-41.0,0,1,311,0
Texas,2020-12-23,-42.0,0,1,312,0
Texas,2020-12-24,-62.0,0,1,313,0
Texas,2020-12-25,-83.0,0,1,314,0
Texas,2020-12-26,-26.0,0,1,315,0
Texas,2020-12-27,-17.0,0,1,316,0
Texas,2020-12-28,-45.0,0,1,317,0
Texas,2020-12-29,-45.0,0,1,318,0
Texas,2020-12-30,-45.0,0,1,319,0
Texas,2020-12-31,-54.0,0,1,320,0
Washington,2020-02-15,-3.0,1,0,0,29
Washington,2020-02-16,-1.0,1,0,1,29
Washington,2020-02-17,-35.0,1,0,2,29
Washington,2020-02-18,-4.0,1,0,3,29
Washington,2020-02-19,-2.0,1,0,4,29
Washington,2020-02-20,-2.0,1,0,5,29
Washington,2020-02-21,-1.0,1,0,6,29
Washington,2020-02-22,0.0,1,0,7,29
Washington,2020-02-23,1.0,1,0,8,29
Washington,2020-02-24,4.0,1,0,9,29
Washington,2020-02-25,2.0,1,0,10,29
Washington,2020-02-26,2.0,1,0,11,29
Washington,2020-02-27,2.0,1,0,12,29
Washington,2020-02-28,3.0,1,0,13,29
Washington,2020-02-29,2.0,1,0,14,29
Washington,2020-03-01,2.0,1,0,15,29
Washington,2020-03-02,2.0,1,0,16,29
Washington,2020-03-03,-1.0,1,0,17,29
Washington,2020-03-04,-2.0,1,0,18,29
Washington,2020-03-05,-6.0,1,0,19,29
Washington,2020-03-06,-8.0,1,0,20,29
Washington,2020-03-07,-1.0,1,0,21,29
Washington,2020-03-08,-2.0,1,0,22,29
Washington,2020-03-09,-8.0,1,0,23,29
Washington,2020-03-10,-11.0,1,0,24,29
Washington,2020-03-11,-11.0,1,0,25,29
Washington,2020-03-12,-14.0,1,0,26,29
Washington,2020-03-13,-17.0,1,0,27,29
Washington,2020-03-14,-8.0,1,0,28,29
Washington,2020-03-15,-11.0,1,1,29,29
Washington,2020-03-16,-26.0,1,1,30,29
Washington,2020-03-17,-35.0,1,1,31,29
Washington,2020-03-18,-38.0,1,1,32,29
Washington,2020-03-19,-40.0,1,1,33,29
Washington,2020-03-20,-41.0,1,1,34,29
Washington,2020-03-21,-28.0,1,1,35,29
Washington,2020-03-22,-32.0,1,1,36,29
Washington,2020-03-23,-44.0,1,1,37,29
Washington,2020-03-24,-49.0,1,1,38,29
Washington,2020-03-25,-52.0,1,1,39,29
Washington,2020-03-26,-56.0,1,1,40,29
Washington,2020-03-27,-56.0,1,1,41,29
Washington,2020-03-28,-40.0,1,1,42,29
Washington,2020-03-29,-41.0,1,1,43,29
Washington,2020-03-30,-56.0,1,1,44,29
Washington,2020-03-31,-58.0,1,1,45,29
Washington,2020-04-01,-58.0,1,1,46,29
Washington,2020-04-02,-58.0,1,1,47,29
Washington,2020-04-03,-57.0,1,1,48,29
Washington,2020-04-04,-41.0,1,1,49,29
Washington,2020-04-05,-42.0,1,1,50,29
Washington,2020-04-06,-56.0,1,1,51,29
Washington,2020-04-07,-58.0,1,1,52,29
Washington,2020-04-08,-58.0,1,1,53,29
Washington,2020-04-09,-58.0,1,1,54,29
Washington,2020-04-10,-58.0,1,1,55,29
Washington,2020-04-11,-41.0,1,1,56,29
Washington,2020-04-12,-43.0,1,1,57,29
Washington,2020-04-13,-55.0,1,1,58,29
Washington,2020-04-14,-56.0,1,1,59,29
Washington,2020-04-15,-55.0,1,1,60,29
Washington,2020-04-16,-55.0,1,1,61,29
Washington,2020-04-17,-54.0,1,1,62,29
Washington,2020-04-18,-38.0,1,1,63,29
Washington,2020-04-19,-37.0,1,1,64,29
Washington,2020-04-20,-53.0,1,1,65,29
Washington,2020-04-21,-54.0,1,1,66,29
Washington,2020-04-22,-55.0,1,1,67,29
Washington,2020-04-23,-54.0,1,1,68,29
Washington,2020-04-24,-53.0,1,1,69,29
Washington,2020-04-25,-37.0,1,1,70,29
Washington,2020-04-26,-37.0,1,1,71,29
Washington,2020-04-27,-51.0,1,1,72,29
Washington,2020-04-28,-53.0,1,1,73,29
Washington,2020-04-29,-52.0,1,1,74,29
Washington,2020-04-30,-52.0,1,1,75,29
Washington,2020-05-01,-50.0,1,1,76,29
Washington,2020-05-02,-35.0,1,1,77,29
Washington,2020-05-03,-33.0,1,1,78,29
Washington,2020-05-04,-48.0,1,1,79,29
Washington,2020-05-05,-49.0,1,1,80,29
Washington,2020-05-06,-50.0,1,1,81,29
Washington,2020-05-07,-50.0,1,1,82,29
Washington,2020-05-08,-48.0,1,1,83,29
Washington,2020-05-09,-30.0,1,1,84,29
Washington,2020-05-10,-29.0,1,1,85,29
Washington,2020-05-11,-47.0,1,1,86,29
Washington,2020-05-12,-48.0,1,1,87,29
Washington,2020-05-13,-48.0,1,1,88,29
Washington,2020-05-14,-48.0,1,1,89,29
Washington,2020-05-15,-47.0,1,1,90,29
Washington,2020-05-16,-30.0,1,1,91,29
Washington,2020-05-17,-28.0,1,1,92,29
Washington,2020-05-18,-45.0,1,1,93,29
Washington,2020-05-19,-47.0,1,1,94,29
Washington,2020-05-20,-47.0,1,1,95,29
Washington,2020-05-21,-47.0,1,1,96,29
Washington,2020-05-22,-47.0,1,1,97,29
Washington,2020-05-23,-26.0,1,1,98,29
Washington,2020-05-24,-27.0,1,1,99,29
Washington,2020-05-25,-75.0,1,1,100,29
Washington,2020-05-26,-45.0,1,1,101,29
Washington,2020-05-27,-44.0,1,1,102,29
Washington,2020-05-28,-44.0,1,1,103,29
Washington,2020-05-29,-43.0,1,1,104,29
Washington,2020-05-30,-21.0,1,1,105,29
Washington,2020-05-31,-20.0,1,1,106,29
Washington,2020-06-01,-42.0,1,1,107,29
Washington,2020-06-02,-43.0,1,1,108,29
Washington,2020-06-03,-43.0,1,1,109,29
Washington,2020-06-04,-43.0,1,1,110,29
Washington,2020-06-05,-42.0,1,1,111,29
Washington,2020-06-06,-18.0,1,1,112,29
Washington,2020-06-07,-19.0,1,1,113,29
Washington,2020-06-08,-41.0,1,1,114,29
Washington,2020-06-09,-43.0,1,1,115,29
Washington,2020-06-10,-42.0,1,1,116,29
Washington,2020-06-11,-43.0,1,1,117,29
Washington,2020-06-12,-43.0,1,1,118,29
Washington,2020-06-13,-16.0,1,1,119,29
Washington,2020-06-14,-16.0,1,1,120,29
Washington,2020-06-15,-42.0,1,1,121,29
Washington,2020-06-16,-42.0,1,1,122,29
Washington,2020-06-17,-42.0,1,1,123,29
Washington,2020-06-18,-42.0,1,1,124,29
Washington,2020-06-19,-42.0,1,1,125,29
Washington,2020-06-20,-15.0,1,1,126,29
Washington,2020-06-21,-14.0,1,1,127,29
Washington,2020-06-22,-43.0,1,1,128,29
Washington,2020-06-23,-44.0,1,1,129,29
Washington,2020-06-24,-42.0,1,1,130,29
Washington,2020-06-25,-42.0,1,1,131,29
Washington,2020-06-26,-42.0,1,1,132,29
Washington,2020-06-27,-17.0,1,1,133,29
Washington,2020-06-28,-14.0,1,1,134,29
Washington,2020-06-29,-41.0,1,1,135,29
Washington,2020-06-30,-42.0,1,1,136,29
Washington,2020-07-01,-43.0,1,1,137,29
Washington,2020-07-02,-45.0,1,1,138,29
Washington,2020-07-03,-61.0,1,1,139,29
Washington,2020-07-04,-30.0,1,1,140,29
Washington,2020-07-05,-20.0,1,1,141,29
Washington,2020-07-06,-45.0,1,1,142,29
Washington,2020-07-07,-45.0,1,1,143,29
Washington,2020-07-08,-43.0,1,1,144,29
Washington,2020-07-09,-43.0,1,1,145,29
Washington,2020-07-10,-42.0,1,1,146,29
Washington,2020-07-11,-15.0,1,1,147,29
Washington,2020-07-12,-16.0,1,1,148,29
Washington,2020-07-13,-42.0,1,1,149,29
Washington,2020-07-14,-43.0,1,1,150,29
Washington,2020-07-15,-42.0,1,1,151,29
Washington,2020-07-16,-43.0,1,1,152,29
Washington,2020-07-17,-43.0,1,1,153,29
Washington,2020-07-18,-15.0,1,1,154,29
Washington,2020-07-19,-16.0,1,1,155,29
Washington,2020-07-20,-43.0,1,1,156,29
Washington,2020-07-21,-44.0,1,1,157,29
Washington,2020-07-22,-42.0,1,1,158,29
Washington,2020-07-23,-43.0,1,1,159,29
Washington,2020-07-24,-42.0,1,1,160,29
Washington,2020-07-25,-15.0,1,1,161,29
Washington,2020-07-26,-16.0,1,1,162,29
Washington,2020-07-27,-43.0,1,1,163,29
Washington,2020-07-28,-43.0,1,1,164,29
Washington,2020-07-29,-43.0,1,1,165,29
Washington,2020-07-30,-44.0,1,1,166,29
Washington,2020-07-31,-43.0,1,1,167,29
Washington,2020-08-01,-16.0,1,1,168,29
Washington,2020-08-02,-16.0,1,1,169,29
Washington,2020-08-03,-43.0,1,1,170,29
Washington,2020-08-04,-44.0,1,1,171,29
Washington,2020-08-05,-43.0,1,1,172,29
Washington,2020-08-06,-44.0,1,1,173,29
Washington,2020-08-07,-43.0,1,1,174,29
Washington,2020-08-08,-17.0,1,1,175,29
Washington,2020-08-09,-16.0,1,1,176,29
Washington,2020-08-10,-43.0,1,1,177,29
Washington,2020-08-11,-44.0,1,1,178,29
Washington,2020-08-12,-43.0,1,1,179,29
Washington,2020-08-13,-44.0,1,1,180,29
Washington,2020-08-14,-43.0,1,1,181,29
Washington,2020-08-15,-17.0,1,1,182,29
Washington,2020-08-16,-17.0,1,1,183,29
Washington,2020-08-17,-43.0,1,1,184,29
Washington,2020-08-18,-43.0,1,1,185,29
Washington,2020-08-19,-43.0,1,1,186,29
Washington,2020-08-20,-43.0,1,1,187,29
Washington,2020-08-21,-43.0,1,1,188,29
Washington,2020-08-22,-15.0,1,1,189,29
Washington,2020-08-23,-15.0,1,1,190,29
Washington,2020-08-24,-42.0,1,1,191,29
Washington,2020-08-25,-43.0,1,1,192,29
Washington,2020-08-26,-42.0,1,1,193,29
Washington,2020-08-27,-42.0,1,1,194,29
Washington,2020-08-28,-41.0,1,1,195,29
Washington,2020-08-29,-15.0,1,1,196,29
Washington,2020-08-30,-14.0,1,1,197,29
Washington,2020-08-31,-42.0,1,1,198,29
Washington,2020-09-01,-42.0,1,1,199,29
Washington,2020-09-02,-42.0,1,1,200,29
Washington,2020-09-03,-42.0,1,1,201,29
Washington,2020-09-04,-43.0,1,1,202,29
Washington,2020-09-05,-18.0,1,1,203,29
Washington,2020-09-06,-16.0,1,1,204,29
Washington,2020-09-07,-72.0,1,1,205,29
Washington,2020-09-08,-45.0,1,1,206,29
Washington,2020-09-09,-42.0,1,1,207,29
Washington,2020-09-10,-42.0,1,1,208,29
Washington,2020-09-11,-41.0,1,1,209,29
Washington,2020-09-12,-17.0,1,1,210,29
Washington,2020-09-13,-18.0,1,1,211,29
Washington,2020-09-14,-41.0,1,1,212,29
Washington,2020-09-15,-42.0,1,1,213,29
Washington,2020-09-16,-42.0,1,1,214,29
Washington,2020-09-17,-42.0,1,1,215,29
Washington,2020-09-18,-40.0,1,1,216,29
Washington,2020-09-19,-13.0,1,1,217,29
Washington,2020-09-20,-11.0,1,1,218,29
Washington,2020-09-21,-40.0,1,1,219,29
Washington,2020-09-22,-40.0,1,1,220,29
Washington,2020-09-23,-40.0,1,1,221,29
Washington,2020-09-24,-40.0,1,1,222,29
Washington,2020-09-25,-39.0,1,1,223,29
Washington,2020-09-26,-11.0,1,1,224,29
Washington,2020-09-27,-11.0,1,1,225,29
Washington,2020-09-28,-38.0,1,1,226,29
Washington,2020-09-29,-39.0,1,1,227,29
Washington,2020-09-30,-39.0,1,1,228,29
Washington,2020-10-01,-38.0,1,1,229,29
Washington,2020-10-02,-37.0,1,1,230,29
Washington,2020-10-03,-12.0,1,1,231,29
Washington,2020-10-04,-13.0,1,1,232,29
Washington,2020-10-05,-38.0,1,1,233,29
Washington,2020-10-06,-39.0,1,1,234,29
Washington,2020-10-07,-39.0,1,1,235,29
Washington,2020-10-08,-39.0,1,1,236,29
Washington,2020-10-09,-39.0,1,1,237,29
Washington,2020-10-10,-12.0,1,1,238,29
Washington,2020-10-11,-13.0,1,1,239,29
Washington,2020-10-12,-41.0,1,1,240,29
Washington,2020-10-13,-40.0,1,1,241,29
Washington,2020-10-14,-38.0,1,1,242,29
Washington,2020-10-15,-38.0,1,1,243,29
Washington,2020-10-16,-38.0,1,1,244,29
Washington,2020-10-17,-12.0,1,1,245,29
Washington,2020-10-18,-13.0,1,1,246,29
Washington,2020-10-19,-38.0,1,1,247,29
Washington,2020-10-20,-39.0,1,1,248,29
Washington,2020-10-21,-38.0,1,1,249,29
Washington,2020-10-22,-38.0,1,1,250,29
Washington,2020-10-23,-38.0,1,1,251,29
Washington,2020-10-24,-12.0,1,1,252,29
Washington,2020-10-25,-12.0,1,1,253,29
Washington,2020-10-26,-38.0,1,1,254,29
Washington,2020-10-27,-39.0,1,1,255,29
Washington,2020-10-28,-37.0,1,1,256,29
Washington,2020-10-29,-38.0,1,1,257,29
Washington,2020-10-30,-37.0,1,1,258,29
Washington,2020-10-31,-10.0,1,1,259,29
Washington,2020-11-01,-12.0,1,1,260,29
Washington,2020-11-02,-37.0,1,1,261,29
Washington,2020-11-03,-39.0,1,1,262,29
Washington,2020-11-04,-39.0,1,1,263,29
Washington,2020-11-05,-39.0,1,1,264,29
Washington,2020-11-06,-37.0,1,1,265,29
Washington,2020-11-07,-11.0,1,1,266,29
Washington,2020-11-08,-12.0,1,1,267,29
Washington,2020-11-09,-38.0,1,1,268,29
Washington,2020-11-10,-39.0,1,1,269,29
Washington,2020-11-11,-46.0,1,1,270,29
Washington,2020-11-12,-39.0,1,1,271,29
Washington,2020-11-13,-38.0,1,1,272,29
Washington,2020-11-14,-12.0,1,1,273,29
Washington,2020-11-15,-11.0,1,1,274,29
Washington,2020-11-16,-38.0,1,1,275,29
Washington,2020-11-17,-41.0,1,1,276,29
Washington,2020-11-18,-41.0,1,1,277,29
Washington,2020-11-19,-41.0,1,1,278,29
Washington,2020-11-20,-39.0,1,1,279,29
Washington,2020-11-21,-14.0,1,1,280,29
Washington,2020-11-22,-15.0,1,1,281,29
Washington,2020-11-23,-40.0,1,1,282,29
Washington,2020-11-24,-42.0,1,1,283,29
Washington,2020-11-25,-45.0,1,1,284,29
Washington,2020-11-26,-82.0,1,1,285,29
Washington,2020-11-27,-64.0,1,1,286,29
Washington,2020-11-28,-21.0,1,1,287,29
Washington,2020-11-29,-17.0,1,1,288,29
Washington,2020-11-30,-40.0,1,1,289,29
Washington,2020-12-01,-41.0,1,1,290,29
Washington,2020-12-02,-40.0,1,1,291,29
Washington,2020-12-03,-40.0,1,1,292,29
Washington,2020-12-04,-39.0,1,1,293,29
Washington,2020-12-05,-13.0,1,1,294,29
Washington,2020-12-06,-15.0,1,1,295,29
Washington,2020-12-07,-40.0,1,1,296,29
Washington,2020-12-08,-40.0,1,1,297,29
Washington,2020-12-09,-40.0,1,1,298,29
Washington,2020-12-10,-40.0,1,1,299,29
Washington,2020-12-11,-39.0,1,1,300,29
Washington,2020-12-12,-14.0,1,1,301,29
Washington,2020-12-13,-16.0,1,1,302,29
Washington,2020-12-14,-40.0,1,1,303,29
Washington,2020-12-15,-41.0,1,1,304,29
Washington,2020-12-16,-40.0,1,1,305,29
Washington,2020-12-17,-40.0,1,1,306,29
Washington,2020-12-18,-39.0,1,1,307,29
Washington,2020-12-19,-14.0,1,1,308,29
Washington,2020-12-20,-13.0,1,1,309,29
Washington,2020-12-21,-43.0,1,1,310,29
Washington,2020-12-22,-44.0,1,1,311,29
Washington,2020-12-23,-46.0,1,1,312,29
Washington,2020-12-24,-63.0,1,1,313,29
Washington,2020-12-25,-84.0,1,1,314,29
Washington,2020-12-26,-27.0,1,1,315,29
Washington,2020-12-27,-18.0,1,1,316,29
Washington,2020-12-28,-48.0,1,1,317,29
Washington,2020-12-29,-49.0,1,1,318,29
Washington,2020-12-30,-49.0,1,1,319,29
Washington,2020-12-31,-54.0,1,1,320,29
